Code,Name,Market,Marcap_억원,Stocks
005930,삼성전자,KOSPI,15609564,5846278608
000660,SK하이닉스,KOSPI,12507927,712702365
005935,삼성전자우,KOSPI,1394521,802371203
402340,SK스퀘어,KOSPI,1335419,131958386
005380,현대차,KOSPI,1201928,204757766
373220,LG에너지솔루션,KOSPI,899730,234000000
009150,삼성전기,KOSPI,711831,74693696
329180,HD현대중공업,KOSPI,658107,104961225
034020,두산에너빌리티,KOSPI,641202,640561146
012450,한화에어로스페이스,KOSPI,628042,51563401
032830,삼성생명,KOSPI,622000,200000000
207940,삼성바이오로직스,KOSPI,613355,46290951
028260,삼성물산,KOSPI,586236,162167581
000270,기아,KOSPI,578202,390412998
105560,KB금융,KOSPI,562258,372850455
012330,현대모비스,KOSPI,481790,90732583
006400,삼성SDI,KOSPI,445638,80585530
055550,신한지주,KOSPI,443802,474654361
068270,셀트리온,KOSPI,396266,222122341
034730,SK,KOSPI,379189,72502703
267260,HD현대일렉트릭,KOSPI,374530,36047135
010120,LS ELECTRIC,KOSPI,348750,150000000
006800,미래에셋증권,KOSPI,341895,559566880
042660,한화오션,KOSPI,331846,306413394
298040,효성중공업,KOSPI,328038,9324548
005490,POSCO홀딩스,KOSPI,326079,79241527
086790,하나금융지주,KOSPI,314151,274367748
035420,NAVER,KOSPI,300256,156873776
066570,LG전자,KOSPI,290260,162884638
009540,HD한국조선해양,KOSPI,279200,70773116
010130,고려아연,KOSPI,275106,20872969
042700,한미반도체,KOSPI,271640,95312200
010140,삼성중공업,KOSPI,241120,880000000
000810,삼성화재,KOSPI,239757,44647473
015760,한국전력,KOSPI,233996,641964077
000150,두산,KOSPI,232382,16193835
051910,LG화학,KOSPI,231543,70592343
316140,우리금융지주,KOSPI,221324,734076320
017670,SK텔레콤,KOSPI,210279,214790053
064350,현대로템,KOSPI,205515,109142293
267250,HD현대,KOSPI,201037,78993085
096770,SK이노베이션,KOSPI,194918,169052788
272210,한화시스템,KOSPI,190809,188919389
003670,포스코퓨처엠,KOSPI,189455,88946220
196170,알테오젠,KOSDAQ GLOBAL,187016,53586343
011200,HMM,KOSPI,184780,943237970
033780,KT&G,KOSPI,184160,103810456
138040,메리츠금융지주,KOSPI,182743,167347273
079550,LIG디펜스앤에어로스페이스,KOSPI,180620,22000000
035720,카카오,KOSPI,177780,441690614
247540,에코프로비엠,KOSDAQ GLOBAL,172475,97830434
011070,LG이노텍,KOSPI,172060,23667107
024110,기업은행,KOSPI,161877,797425869
086520,에코프로,KOSDAQ GLOBAL,159401,135776152
003550,LG,KOSPI,158386,154221585
086280,현대글로비스,KOSPI,156750,75000000
047810,한국항공우주,KOSPI,151964,97475107
006260,LS,KOSPI,151476,31200000
307950,현대오토에버,KOSPI,150832,27423982
000720,현대건설,KOSPI,148215,111355765
278470,에이피알,KOSPI,143763,37438155
030200,KT,KOSPI,141384,252021685
071050,한국금융지주,KOSPI,127613,55725992
018260,삼성에스디에스,KOSPI,125507,77377800
010950,S-Oil,KOSPI,124291,112582792
259960,크래프톤,KOSPI,122020,46132393
277810,레인보우로보틱스,KOSDAQ,120667,19399858
047050,포스코인터내셔널,KOSPI,118748,175922788
0126Z0,삼성에피스홀딩스,KOSPI,115457,24883049
047040,대우건설,KOSPI,108069,410907638
005940,NH투자증권,KOSPI,107438,356344369
323410,카카오뱅크,KOSPI,104966,477120437
003230,삼양식품,KOSPI,102072,7533015
005830,DB손해보험,KOSPI,101198,65500349
016360,삼성증권,KOSPI,99570,89300000
001440,대한전선,KOSPI,99564,195992596
443060,HD현대마린솔루션,KOSPI,97737,44833460
352820,하이브,KOSPI,96334,43102249
039490,키움증권,KOSPI,94422,26228316
003490,대한항공,KOSPI,91687,368220661
028050,삼성E&A,KOSPI,91238,196000000
036930,주성엔지니어링,KOSDAQ GLOBAL,89941,46481121
007660,이수페타시스,KOSPI,88385,73409219
005387,현대차2우B,KOSPI,86011,34963930
000880,한화,KOSPI,84821,70507919
950160,코오롱티슈진,KOSDAQ,84736,84736050
000250,삼천당제약,KOSDAQ,78934,23457472
058470,리노공업,KOSDAQ GLOBAL,73316,76211850
180640,한진칼,KOSPI,72838,66762279
161390,한국타이어앤테크놀로지,KOSPI,72715,123875069
267270,HD건설기계,KOSPI,72218,47921897
062040,산일전기,KOSPI,71488,30615850
326030,SK바이오팜,KOSPI,70952,78313250
064400,LG씨엔에스,KOSPI,68208,96885948
078930,GS,KOSPI,67921,92915378
090430,아모레퍼시픽,KOSPI,67910,58492759
009830,한화솔루션,KOSPI,67726,171892536
000990,DB하이텍,KOSPI,66823,43504588
032640,LG유플러스,KOSPI,66623,429828355
000100,유한양행,KOSPI,64515,79647601
353200,대덕전자,KOSPI,63451,49416925
021240,코웨이,KOSPI,62771,70767426
028300,HLB,KOSDAQ,62463,133183277
034220,LG디스플레이,KOSPI,61750,500000000
377300,카카오페이,KOSPI,61068,135256275
241560,두산밥캣,KOSPI,61060,95856065
454910,두산로보틱스,KOSPI,60477,64819980
000500,가온전선,KOSPI,59390,16543115
066970,엘앤에프,KOSPI,59146,40455487
298380,에이비엘바이오,KOSDAQ,58619,55987463
005385,현대차우,KOSPI,57652,23340960
036570,NC,KOSPI,56661,21544022
029780,삼성카드,KOSPI,56076,115858891
440110,파두,KOSDAQ,56008,50096827
087010,펩트론,KOSDAQ,55845,23317350
039030,이오테크닉스,KOSDAQ GLOBAL,55623,12319550
240810,원익IPS,KOSDAQ GLOBAL,54630,49083901
082740,한화엔진,KOSPI,54491,83447142
128940,한미약품,KOSPI,53038,12810991
271560,오리온,KOSPI,52978,39536132
088980,맥쿼리인프라,KOSPI,52777,478921993
138930,BNK금융지주,KOSPI,52042,310327033
052690,한전기술,KOSPI,51368,38220000
141080,리가켐바이오,KOSDAQ GLOBAL,51124,37019418
010060,OCI홀딩스,KOSPI,50970,18670232
336260,두산퓨얼셀,KOSPI,49186,65493726
214370,케어젠,KOSDAQ,49096,53715000
001040,CJ,KOSPI,48580,29176998
004020,현대제철,KOSPI,47707,133445785
175330,JB금융지주,KOSPI,47440,188253584
004170,신세계,KOSPI,46659,9445181
103590,일진전기,KOSPI,46303,47685390
011790,SKC,KOSPI,45821,37868298
088350,한화생명,KOSPI,45685,868530000
310210,보로노이,KOSDAQ,44441,18402171
018880,한온시스템,KOSPI,44129,1026262552
022100,포스코DX,KOSPI,44014,152034729
023530,롯데쇼핑,KOSPI,43140,28288755
450080,에코프로머티,KOSPI,41363,70705607
002380,KCC,KOSPI,40816,8592896
095340,ISC,KOSDAQ GLOBAL,40783,21197058
178320,서진시스템,KOSDAQ,39609,63577747
403870,HPSP,KOSDAQ GLOBAL,39257,82300000
051900,LG생활건강,KOSPI,37999,15291262
012510,더존비즈온,KOSPI,37805,31477993
222800,심텍,KOSDAQ GLOBAL,37801,37463931
111770,영원무역,KOSPI,37355,44311468
108490,로보티즈,KOSDAQ,36423,14657028
010170,대한광통신,KOSDAQ,35373,155485660
319400,현대무벡스,KOSDAQ,34972,111376039
251270,넷마블,KOSPI,34494,81934571
036460,한국가스공사,KOSPI,33833,92313000
011170,롯데케미칼,KOSPI,33450,42775419
035250,강원랜드,KOSPI,32990,213940500
011780,금호석유화학,KOSPI,32981,25157325
489790,한화비전,KOSPI,32817,50488390
031210,서울보증보험,KOSPI,32432,69821598
080220,제주반도체,KOSDAQ,32342,34442833
097950,CJ제일제당,KOSPI,32141,15054186
004800,효성,KOSPI,32024,16740407
131970,두산테스나,KOSDAQ GLOBAL,31909,19327238
302440,SK바이오사이언스,KOSPI,31500,78456553
017800,현대엘리베이터,KOSPI,31274,39092385
067310,하나마이크론,KOSDAQ,31271,66464226
001450,현대해상,KOSPI,31073,85248250
028670,팬오션,KOSPI,31058,534569512
319660,피에스케이,KOSDAQ GLOBAL,30965,28966714
064760,티씨케이,KOSDAQ GLOBAL,30911,11179416
014680,한솔케미칼,KOSPI,30472,11370195
214150,클래시스,KOSDAQ GLOBAL,30465,65235659
145020,휴젤,KOSDAQ GLOBAL,30391,12304033
357780,솔브레인,KOSDAQ GLOBAL,29947,7778566
214450,파마리서치,KOSDAQ GLOBAL,29766,10389648
226950,올릭스,KOSDAQ,29598,20300583
383220,F&F,KOSPI,29458,38307075
263750,펄어비스,KOSDAQ GLOBAL,29040,64247855
139130,iM금융지주,KOSPI,28752,160624583
375500,DL이앤씨,KOSPI,28440,38693623
001720,신영증권,KOSPI,28030,16440000
100790,미래에셋벤처투자,KOSDAQ,27997,53124634
020150,롯데에너지머티리얼즈,KOSPI,27911,52365463
084370,유진테크,KOSDAQ,27705,22916042
005290,동진쎄미켐,KOSDAQ,27626,50970126
457190,이수스페셜티케미컬,KOSPI,27288,30218872
032820,우리기술,KOSDAQ,27045,171605186
031980,피에스케이홀딩스,KOSDAQ,26910,21562395
043260,성호전자,KOSDAQ,26844,70922823
005850,에스엘,KOSPI,26569,46448520
012750,에스원,KOSPI,26371,37999178
483650,달바글로벌,KOSPI,26085,12421540
009970,영원무역홀딩스,KOSPI,26081,13499237
004990,롯데지주,KOSPI,26062,99663776
237690,에스티팜,KOSDAQ GLOBAL,25705,20847927
007340,DN오토모티브,KOSPI,25686,58510865
347850,디앤디파마텍,KOSDAQ,25494,43804147
026960,동서,KOSPI,25224,99700000
071970,HD현대마린엔진,KOSPI,25000,33921495
439260,대한조선,KOSPI,24965,38526312
139480,이마트,KOSPI,24809,27595819
131290,티에스이,KOSDAQ,24612,11061429
257720,실리콘투,KOSDAQ,24526,65576252
006360,GS건설,KOSPI,24434,85581490
003690,코리안리,KOSPI,24299,176721031
204320,HL만도,KOSPI,24277,46957120
004370,농심,KOSPI,23722,6082642
218410,RFHIC,KOSDAQ,23579,26553442
051600,한전KPS,KOSPI,23400,45000000
103140,풍산,KOSPI,23260,28024278
098460,고영,KOSDAQ,22896,68654755
282330,BGF리테일,KOSPI,22832,17283906
229640,LS에코에너지,KOSPI,22724,30624879
00680K,미래에셋증권2우B,KOSPI,22632,136500000
082920,비츠로셀,KOSDAQ,22556,45339477
095610,테스,KOSDAQ,22458,19360000
083650,비에이치아이,KOSDAQ,22156,30944375
058610,에스피지,KOSDAQ,22155,22177360
007070,GS리테일,KOSPI,22072,83607415
069960,현대백화점,KOSPI,21975,21564912
008770,호텔신라,KOSPI,21861,39248121
018670,SK가스,KOSPI,21755,9257244
001430,세아베스틸지주,KOSPI,21553,35862119
008930,한미사이언스,KOSPI,21509,68391550
279570,케이뱅크,KOSPI,21502,405695151
030000,제일기획,KOSPI,21467,115041225
000155,두산우,KOSPI,21341,3996462
000240,한국앤컴퍼니,KOSPI,21218,94935240
005440,현대지에프홀딩스,KOSPI,21187,155904301
035900,JYP Ent.,KOSDAQ GLOBAL,21071,35532492
0009K0,에임드바이오,KOSDAQ,21050,64671161
007810,코리아써키트,KOSPI,21009,23982620
068760,셀트리온제약,KOSDAQ,20936,44402332
011210,현대위아,KOSPI,20804,27195083
140410,메지온,KOSDAQ,20788,30392167
081660,미스토홀딩스,KOSPI,20785,53091840
120110,코오롱인더,KOSPI,20723,29946032
347700,스피어,KOSDAQ,20656,50814305
161890,한국콜마,KOSPI,20607,23605077
112610,씨에스윈드,KOSPI,20580,42171403
078600,대주전자재료,KOSDAQ,20406,15577468
009420,한올바이오파마,KOSPI,20165,52240638
322000,HD현대에너지솔루션,KOSPI,19813,11200000
000120,CJ대한통운,KOSPI,19619,22812344
192820,코스맥스,KOSPI,19487,11349509
041510,에스엠,KOSDAQ GLOBAL,19048,22894690
323280,태성,KOSDAQ,18842,30537980
030530,원익홀딩스,KOSDAQ,18769,77237981
097230,HJ중공업,KOSPI,18646,90295344
027360,아주IB투자,KOSDAQ,18414,121145406
085620,미래에셋생명,KOSPI,18398,135180000
002790,아모레퍼시픽홀딩스,KOSPI,18082,76458180
017960,한국카본,KOSPI,17853,52278600
439960,코스모로보틱스,KOSDAQ,17820,32108906
023590,다우기술,KOSPI,17683,43287312
089030,테크윙,KOSDAQ,17526,37053645
476830,알지노믹스,KOSDAQ,17431,13933842
140860,파크시스템스,KOSDAQ GLOBAL,17319,6997557
462870,시프트업,KOSPI,16892,58654340
060370,LS마린솔루션,KOSDAQ,16847,52238854
395400,SK리츠,KOSPI,16827,301017620
001120,LX인터내셔널,KOSPI,16589,38760000
298020,효성티앤씨,KOSPI,16337,4327682
290650,엘앤씨바이오,KOSDAQ,16263,26969704
077970,STX엔진,KOSPI,16220,40148063
437730,삼현,KOSDAQ,16107,31707567
361610,SK아이이테크놀로지,KOSPI,15711,81787100
001740,SK네트웍스,KOSPI,15666,200593889
006040,동원산업,KOSPI,15471,44140819
096530,씨젠,KOSDAQ,15459,52225994
101490,에스앤에스텍,KOSDAQ,15404,21334879
003570,SNT다이내믹스,KOSPI,15396,33252697
183300,코미코,KOSDAQ GLOBAL,15325,10460684
001800,오리온홀딩스,KOSPI,15223,62645422
005070,코스모신소재,KOSPI,15212,33214571
491000,리브스메드,KOSDAQ,15178,25004391
003540,대신증권,KOSPI,15135,49219763
069620,대웅제약,KOSPI,15109,11586575
006280,녹십자,KOSPI,14889,11686538
032350,롯데관광개발,KOSPI,14830,79601474
099320,쎄트렉아이,KOSDAQ,14806,10951278
031330,에스에이엠티,KOSDAQ,14719,99995067
039200,오스코텍,KOSDAQ,14634,38258176
420770,기가비스,KOSDAQ,14476,12675758
020560,아시아나항공,KOSPI,14378,205990711
445680,큐리옥스바이오시스템즈,KOSDAQ,14261,17203255
475830,오름테라퓨틱,KOSDAQ,14027,21513325
475150,SK이터닉스,KOSPI,13985,34067004
189300,인텔리안테크,KOSDAQ,13755,10737497
007310,오뚜기,KOSPI,13687,4007830
232140,와이씨,KOSDAQ,13661,82045350
166090,하나머티리얼즈,KOSDAQ GLOBAL,13548,19777674
294870,IPARK현대산업개발,KOSPI,13445,65907330
073240,금호타이어,KOSPI,13429,287260287
030610,교보증권,KOSPI,13391,113962961
003530,한화투자증권,KOSPI,13366,214547775
417200,LS머트리얼즈,KOSDAQ,13246,67652659
004000,롯데정밀화학,KOSPI,13210,25800000
038500,삼표시멘트,KOSDAQ,13101,107916306
003380,하림지주,KOSDAQ GLOBAL,13093,112005621
012630,HDC,KOSPI,13083,59741721
195870,해성디에스,KOSPI,13022,17000000
034230,파라다이스,KOSPI,13014,92629382
458870,씨어스,KOSDAQ,12997,38059740
006110,삼아알미늄,KOSPI,12870,15123455
281820,케이씨텍,KOSPI,12869,19798661
089970,브이엠,KOSDAQ,12832,24771995
192080,더블유게임즈,KOSPI,12725,21173468
090710,휴림로봇,KOSDAQ,12686,119457197
032500,케이엠더블유,KOSDAQ,12562,42154875
036540,SFA반도체,KOSDAQ,12450,164460303
085660,차바이오텍,KOSDAQ,12449,92969748
127120,제이에스링크,KOSDAQ,12394,34621046
051915,LG화학우,KOSPI,12248,7688800
181710,NHN,KOSPI,12217,32753139
065350,신성델타테크,KOSDAQ,12189,27483948
195940,HK이노엔,KOSDAQ GLOBAL,12182,28329891
397030,에이프릴바이오,KOSDAQ,12082,23413826
415640,KB발해인프라,KOSPI,11985,122545548
082640,동양생명,KOSPI,11924,161358585
093370,후성,KOSPI,11862,107255330
000080,하이트진로,KOSPI,11761,70133611
066575,LG전자우,KOSPI,11580,17181299
007390,네이처셀,KOSDAQ,11547,64435056
281740,레이크머티리얼즈,KOSDAQ,11529,65730548
204270,제이앤티씨,KOSDAQ,11518,57848466
003090,대웅,KOSPI,11466,58141980
295310,에이치브이엠,KOSDAQ,11342,12027291
089860,롯데렌탈,KOSPI,11274,36309388
000815,삼성화재우,KOSPI,11171,3007020
490470,세미파이브,KOSDAQ,11135,33999890
003470,유안타증권,KOSPI,11098,199596576
000210,DL,KOSPI,11044,20955884
300720,한일시멘트,KOSPI,11032,73545209
100090,SK오션플랜트,KOSPI,11015,62478129
330590,롯데리츠,KOSPI,10952,288968884
003240,태광산업,KOSPI,10833,1113400
185750,종근당,KOSPI,10794,13802780
280360,롯데웰푸드,KOSPI,10769,9204574
090460,비에이치,KOSPI,10636,33711538
006340,대원전선,KOSPI,10531,78414416
477850,마키나락스,KOSDAQ,10525,17541640
005300,롯데칠성,KOSPI,10467,9278884
213420,덕산네오룩스,KOSDAQ GLOBAL,10417,24831179
496320,본시스템즈,KONEX,10393,1015973
388210,씨엠티엑스,KOSDAQ,10367,9634438
036830,솔브레인홀딩스,KOSDAQ GLOBAL,10355,20503981
160190,하이젠알앤엠,KOSDAQ,10317,30888000
009155,삼성전기우,KOSPI,10160,2906984
161580,필옵틱스,KOSDAQ,10150,23442247
365550,ESR켄달스퀘어리츠,KOSPI,10090,246089000
052020,에스티큐브,KOSDAQ,10028,67983291
056190,에스에프에이,KOSDAQ GLOBAL,10019,35908760
048410,현대바이오,KOSDAQ,9979,96505572
388720,유일로보틱스,KOSDAQ,9943,11781345
137400,피엔티,KOSDAQ GLOBAL,9938,23690728
009450,경동나비엔,KOSPI,9921,14568592
033790,피노,KOSDAQ,9913,82331788
456040,OCI,KOSPI,9866,8952495
083450,GST,KOSDAQ,9860,18430000
124500,아이티센글로벌,KOSDAQ,9816,23204527
126340,비나텍,KOSDAQ,9758,7143528
057050,현대홈쇼핑,KOSPI,9756,12000000
137310,에스디바이오센서,KOSPI,9744,120749102
466100,클로봇,KOSDAQ,9725,25459239
033100,제룡전기,KOSDAQ,9702,16062409
000670,영풍,KOSPI,9610,18410683
376900,로킷헬스케어,KOSDAQ,9556,15873789
115180,큐리언트,KOSDAQ,9513,37304987
456160,지투지바이오,KOSDAQ,9497,16545359
222080,씨아이에스,KOSDAQ GLOBAL,9443,77780144
071055,한국금융지주우,KOSPI,9408,5858251
033240,자화전자,KOSPI,9355,21605502
192400,쿠쿠홀딩스,KOSPI,9282,35562185
086450,동국제약,KOSDAQ GLOBAL,9250,45230420
499790,GS피앤엘,KOSPI,9231,19830841
298050,HS효성첨단소재,KOSPI,9206,4479948
074600,원익QnC,KOSDAQ GLOBAL,9201,26288000
023160,태광,KOSDAQ,9144,25867242
035760,CJ ENM,KOSDAQ GLOBAL,9079,21929154
451800,한화리츠,KOSPI,9016,179600000
293490,카카오게임즈,KOSDAQ GLOBAL,9015,89786911
050890,쏠리드,KOSDAQ,8986,60756534
356860,티엘비,KOSDAQ,8967,9832630
248070,솔루엠,KOSPI,8961,47816236
005690,파미셀,KOSPI,8946,60016964
052400,코나아이,KOSDAQ,8913,14563291
094170,동운아나텍,KOSDAQ,8845,20909936
006120,SK디스커버리,KOSPI,8724,17413751
122870,와이지엔터테인먼트,KOSDAQ,8710,18691049
014620,성광벤드,KOSDAQ,8698,26557364
00088K,한화3우B,KOSPI,8625,19404441
030190,NICE평가정보,KOSPI,8619,58911527
476060,온코닉테라퓨틱스,KOSDAQ,8559,45407840
075580,세진중공업,KOSPI,8527,56849456
000370,한화손해보험,KOSPI,8499,116738915
001510,SK증권,KOSPI,8419,231295085
100840,SNT에너지,KOSPI,8376,20680783
071320,지역난방공사,KOSPI,8348,11578744
108320,LX세미콘,KOSPI,8327,16264300
253450,스튜디오드래곤,KOSDAQ GLOBAL,8326,30058498
010780,아이에스동서,KOSPI,8301,30186976
006650,대한유화,KOSPI,8242,6500000
046890,서울반도체,KOSDAQ GLOBAL,8209,58305400
036530,SNT홀딩스,KOSPI,8201,16303886
214320,이노션,KOSPI,8200,40000000
002020,코오롱,KOSPI,8158,12907680
056080,유진로봇,KOSDAQ,8065,37512152
053610,프로텍,KOSDAQ,8037,9000000
003160,디아이,KOSPI,8009,28300000
025540,한국단자,KOSPI,7940,10115000
003850,보령,KOSPI,7918,85787207
327260,RF머트리얼즈,KOSDAQ,7900,8495135
064960,SNT모티브,KOSPI,7896,26540272
037460,삼지전자,KOSDAQ,7833,16318522
005880,대한해운,KOSPI,7794,322747340
079160,CJ CGV,KOSPI,7791,165582385
004490,세방전지,KOSPI,7775,13860000
001820,삼화콘덴서,KOSPI,7775,10395000
121600,나노신소재,KOSDAQ,7732,12253691
241710,코스메카코리아,KOSDAQ,7700,10680000
079900,전진건설로봇,KOSPI,7661,14592545
032190,다우데이타,KOSDAQ,7656,38300000
285130,SK케미칼,KOSPI,7499,17298766
006730,서부T&D,KOSDAQ,7480,64926923
171090,선익시스템,KOSDAQ,7456,10102626
009240,한샘,KOSPI,7437,23533928
005250,녹십자홀딩스,KOSPI,7435,47028210
044490,태웅,KOSDAQ,7433,20007381
484870,엠앤씨솔루션,KOSPI,7424,9153900
082270,젬백스,KOSDAQ,7322,44269203
365340,성일하이텍,KOSDAQ,7315,12272701
225570,넥슨게임즈,KOSDAQ,7251,65860174
178920,PI첨단소재,KOSPI,7224,29366322
017900,광전자,KOSPI,7214,57943763
002960,한국쉘석유,KOSPI,7202,1300000
036810,에프에스티,KOSDAQ,7123,21649789
348370,엔켐,KOSDAQ,7088,21910993
114090,GKL,KOSPI,7082,61855670
317450,명인제약,KOSPI,7066,14600000
005090,SGC에너지,KOSPI,7046,14409333
069260,TKG휴켐스,KOSPI,7039,40878588
086900,메디톡스,KOSDAQ,7036,7298497
336370,솔루스첨단소재,KOSPI,7029,70217344
003620,KG모빌리티,KOSPI,7012,202374912
077360,덕산하이메탈,KOSDAQ,7011,45437002
383800,LX홀딩스,KOSPI,6980,76280690
092190,서울바이오시스,KOSDAQ,6972,45868383
093050,LF,KOSPI,6930,29240000
033160,엠케이전자,KOSDAQ,6917,24185077
425420,티에프이,KOSDAQ,6890,12347181
174900,앱클론,KOSDAQ,6883,19952129
252990,샘씨엔에스,KOSDAQ,6877,60217889
003030,세아제강지주,KOSPI,6863,4141657
005180,빙그레,KOSPI,6850,9269031
000400,롯데손해보험,KOSPI,6827,310336320
007700,F&F홀딩스,KOSPI,6822,39114367
019210,와이지-원,KOSDAQ,6821,37193728
336570,원텍,KOSDAQ,6736,89580646
348340,뉴로메카,KOSDAQ,6713,12362151
009520,포스코엠텍,KOSDAQ GLOBAL,6679,41642703
060250,NHN KCP,KOSDAQ,6679,40160611
102940,코오롱생명과학,KOSDAQ,6676,13090603
090360,로보스타,KOSDAQ,6669,9750000
001680,대상,KOSPI,6659,34648025
053800,안랩,KOSDAQ,6631,11126506
112040,위메이드,KOSDAQ,6600,33948483
058650,세아홀딩스,KOSPI,6588,4242236
161000,애경케미칼,KOSPI,6563,48648709
001060,JW중외제약,KOSPI,6555,23285930
358570,지아이이노베이션,KOSDAQ,6539,64237450
014820,동원시스템즈,KOSPI,6538,28991282
016380,KG스틸,KOSPI,6511,100008897
001270,부국증권,KOSPI,6471,10369886
249420,일동제약,KOSPI,6470,31638252
399720,가온칩스,KOSDAQ,6464,11838844
293940,신한알파리츠,KOSPI,6458,120940123
033640,네패스,KOSDAQ,6445,23059202
033500,동성화인텍,KOSDAQ,6418,29989494
199800,툴젠,KOSDAQ,6413,8993829
00104K,CJ4우(전환),KOSPI,6374,4226512
389470,인벤티지랩,KOSDAQ,6357,13285216
001570,금양,KOSPI,6333,63967196
002350,넥센타이어,KOSPI,6319,97667877
328130,루닛,KOSDAQ,6233,37191318
102710,이엔에프테크놀로지,KOSDAQ,6229,14287836
059090,미코,KOSDAQ,6229,33416778
217590,티엠씨,KOSPI,6204,24094225
006380,카프로,KOSPI,6185,168999996
348210,넥스틴,KOSDAQ GLOBAL,6119,10477005
376300,디어유,KOSDAQ,6113,23738406
253590,네오셈,KOSDAQ,6111,43869164
452280,한선엔지니어링,KOSDAQ,6091,19246420
368770,파이버프로,KOSDAQ,6091,32854225
001500,현대차증권,KOSPI,6084,61833044
017940,E1,KOSPI,6071,6860000
002840,미원상사,KOSPI,6061,4750000
000640,동아쏘시오홀딩스,KOSPI,5965,6732527
272290,이녹스첨단소재,KOSDAQ GLOBAL,5941,19937509
015750,성우하이텍,KOSDAQ,5896,80000000
0011T0,채비,KOSDAQ,5895,46785280
003280,흥아해운,KOSPI,5878,240424899
089890,코세스,KOSDAQ,5871,16584962
008060,대덕,KOSPI,5848,31287098
001530,DI동일,KOSPI,5842,20715621
460930,현대힘스,KOSDAQ,5842,35510671
067160,SOOP,KOSDAQ GLOBAL,5805,11494767
041830,인바디,KOSDAQ,5804,13480882
089010,켐트로닉스,KOSDAQ,5794,16770027
475960,토모큐브,KOSDAQ,5788,13383274
039130,하나투어,KOSPI,5785,15489932
214430,아이쓰리시스템,KOSDAQ,5765,7307215
453340,현대그린푸드,KOSPI,5715,32471587
005810,풍산홀딩스,KOSPI,5659,14417292
024850,HLB이노베이션,KOSDAQ,5633,31733098
486990,노타,KOSDAQ,5614,21346230
278280,천보,KOSDAQ,5567,12180680
002240,고려제강,KOSPI,5562,27000000
005389,현대차3우B,KOSPI,5551,2327452
452260,한화갤러리아,KOSPI,5535,193859610
019170,신풍제약,KOSPI,5530,52418522
460860,동국제강,KOSPI,5526,49608017
104830,원익머트리얼즈,KOSDAQ,5516,12608000
354320,알멕,KOSDAQ,5490,6391381
041960,코미팜,KOSDAQ,5490,73886495
268280,미원에스씨,KOSPI,5455,5000000
078160,메디포스트,KOSDAQ,5442,39204603
093320,케이아이엔엑스,KOSDAQ,5407,4880000
011930,신성이엔지,KOSPI,5373,20584815
383310,에코프로에이치엔,KOSDAQ,5317,20974932
003545,대신증권우,KOSPI,5315,25191667
122640,예스티,KOSDAQ,5269,21418509
372320,큐로셀,KOSDAQ,5268,15225918
020000,한섬,KOSPI,5262,21476994
493280,아이엠바이오로직스,KOSDAQ,5248,14804048
010820,퍼스텍,KOSPI,5238,48771938
015860,일진홀딩스,KOSPI,5206,49347483
009900,명신산업,KOSPI,5200,52470133
025980,아난티,KOSDAQ,5196,97300990
003300,한일홀딩스,KOSPI,5183,30832884
200710,에이디테크놀로지,KOSDAQ,5183,13462007
042000,카페24,KOSDAQ,5166,24253054
332570,PS일렉트로닉스,KOSDAQ,5143,46711563
271940,일진하이솔루스,KOSPI,5142,36313190
005420,코스모화학,KOSPI,5127,38408228
101930,인화정공,KOSDAQ,5101,46164410
094800,맵스리얼티,KOSPI,5097,92834331
008730,율촌화학,KOSPI,5072,24800000
009410,태영건설,KOSPI,5047,297590078
060280,큐렉소,KOSDAQ,5046,41259790
078350,한양디지텍,KOSDAQ,5046,15244382
425040,티이엠씨,KOSDAQ,5034,21374682
377740,바이오노트,KOSPI,5028,101886048
284740,쿠쿠홈시스,KOSPI,5026,22437330
069540,빛과전자,KOSDAQ,5022,97901539
003000,부광약품,KOSPI,5012,98664671
045100,한양이엔지,KOSDAQ,4996,17500000
099190,아이센스,KOSDAQ,4987,28757309
211050,인카금융서비스,KOSDAQ,4971,49263657
340570,티앤엘,KOSDAQ,4966,8128000
230360,에코마케팅,KOSDAQ,4963,30998758
006910,보성파워텍,KOSDAQ,4938,49129824
393890,더블유씨피,KOSDAQ GLOBAL,4911,33843144
041190,우리기술투자,KOSDAQ,4897,84000000
031430,신세계인터내셔날,KOSPI,4870,34986000
018290,브이티,KOSDAQ,4864,34941838
016610,DB증권,KOSPI,4860,42446389
389500,에스비비테크,KOSDAQ,4851,6663472
014830,유니드,KOSPI,4798,6767600
381970,케이카,KOSPI,4770,48820848
001200,유진투자증권,KOSPI,4756,96866418
130660,한전산업,KOSPI,4750,32600000
125490,한라캐스트,KOSDAQ,4749,36502352
034310,NICE,KOSPI,4723,36757157
034950,한국기업평가,KOSDAQ,4690,4540514
035890,서희건설,KOSDAQ,4688,229808457
005945,NH투자증권우,KOSPI,4661,18870968
036620,감성코퍼레이션,KOSDAQ,4652,90503771
330860,네패스아크,KOSDAQ,4636,12184045
002030,아세아,KOSPI,4632,2058852
064260,다날,KOSDAQ,4630,75645457
092790,넥스틸,KOSPI,4623,26002000
448730,삼성FN리츠,KOSPI,4616,91050000
290550,디케이티,KOSDAQ,4570,20001230
000070,삼양홀딩스,KOSPI,4557,7763191
468530,프로티나,KOSDAQ,4552,11035208
006405,삼성SDI우,KOSPI,4538,1617896
251970,펌텍코리아,KOSDAQ,4520,12400000
356680,엑스게이트,KOSDAQ,4516,28543492
110990,디아이티,KOSDAQ,4508,18900000
030520,한글과컴퓨터,KOSDAQ GLOBAL,4488,24179744
448900,한국피아이엠,KOSDAQ,4483,6074457
027410,BGF,KOSPI,4475,95716791
145990,삼양사,KOSPI,4461,10313449
004690,삼천리,KOSPI,4450,3626777
287840,인투셀,KOSDAQ,4424,15021960
950210,프레스티지바이오파마,KOSPI,4399,60096155
488900,비츠로넥스텍,KOSDAQ,4393,28976443
015360,INVENI,KOSPI,4385,27250000
170920,엘티씨,KOSDAQ,4379,10564126
013030,하이록코리아,KOSDAQ,4372,11768144
095660,네오위즈,KOSDAQ,4371,21636459
215200,메가스터디교육,KOSDAQ GLOBAL,4369,10365216
025320,시노펙스,KOSDAQ,4369,92162453
000157,두산2우B,KOSPI,4349,893038
243070,휴온스,KOSDAQ,4337,11979665
080580,오킨스전자,KOSDAQ,4324,21090955
187660,페니트리움바이오,KOSDAQ,4315,55466253
254490,미래반도체,KOSDAQ,4310,14438000
168360,펨트론,KOSDAQ,4296,21707567
0120G0,삼양바이오팜,KOSPI,4283,7435870
138080,오이솔루션,KOSDAQ,4283,12377758
357120,코람코라이프인프라리츠,KOSPI,4278,97335354
025900,동화기업,KOSDAQ GLOBAL,4272,50557285
004710,한솔테크닉스,KOSPI,4266,31417517
072710,농심홀딩스,KOSPI,4257,4637790
090435,아모레퍼시픽우,KOSPI,4250,10557830
047920,HLB제약,KOSDAQ,4248,32799356
079940,가비아,KOSDAQ,4241,13420684
078130,국일제지,KOSDAQ,4205,112740587
016590,신대양제지,KOSPI,4203,40297820
101160,월덱스,KOSDAQ,4186,16510993
039440,에스티아이,KOSDAQ,4179,15507047
179900,유티아이,KOSDAQ,4166,19790412
107640,한중엔시에스,KOSDAQ,4134,9064946
306200,세아제강,KOSPI,4132,2836300
317330,덕산테코피아,KOSDAQ,4126,20476584
017810,풀무원,KOSPI,4125,38120542
403550,쏘카,KOSPI,4109,32841902
029530,신도리코,KOSPI,4105,9715729
144960,뉴파워프라즈마,KOSDAQ,4094,43692624
417310,코람코더원리츠,KOSPI,4084,40400000
105840,우진,KOSPI,4060,20197670
114810,한솔아이원스,KOSDAQ,4057,28593174
482630,삼양엔씨켐,KOSDAQ,4056,21888280
084110,휴온스글로벌,KOSDAQ,4051,12659812
344820,KCC글라스,KOSPI,4049,15970512
376270,HEM파마,KOSDAQ,4046,7186187
215600,신라젠,KOSDAQ,4046,138553564
119850,지엔씨에너지,KOSDAQ,4038,16448909
004700,조광피혁,KOSPI,4036,6649138
042520,한스바이오메드,KOSDAQ,4036,14261367
006220,제주은행,KOSPI,4018,37798557
067630,HLB생명과학,KOSDAQ,4017,121917058
417840,저스템,KOSDAQ,4000,22663931
145720,덴티움,KOSPI,3967,8623891
206650,유바이오로직스,KOSDAQ,3951,36723307
079370,제우스,KOSDAQ,3933,31016990
126720,수산인더스트리,KOSPI,3929,14286000
060980,HL홀딩스,KOSPI,3922,9078847
170900,동아에스티,KOSPI,3920,9727819
424870,이뮨온시아,KOSDAQ,3919,74363829
484590,삼양컴텍,KOSDAQ,3894,41210450
002810,삼영무역,KOSPI,3869,18466948
441270,파인엠텍,KOSDAQ,3868,41731212
394280,오픈엣지테크놀로지,KOSDAQ,3849,26346530
389650,넥스트바이오메디컬,KOSDAQ,3845,8277286
002710,TCC스틸,KOSPI,3843,26213697
005610,삼립,KOSPI,3831,8629009
089590,제주항공,KOSPI,3826,80640985
230240,에치에프알,KOSDAQ,3826,13309000
092870,엑시콘,KOSDAQ,3798,13050797
010690,화신,KOSPI,3792,34920410
025860,남해화학,KOSPI,3790,49678843
098070,한텍,KOSDAQ,3781,11121141
012030,DB,KOSPI,3780,201173933
455900,엔젤로보틱스,KOSDAQ,3772,15301831
117730,티로보틱스,KOSDAQ,3760,22558043
078020,LS증권,KOSDAQ,3751,55481190
219130,타이거일렉,KOSDAQ,3719,6314290
183190,아세아시멘트,KOSPI,3716,36506428
234340,헥토파이낸셜,KOSDAQ,3688,13970656
192650,드림텍,KOSPI,3676,68974199
105630,한세실업,KOSPI,3664,40000000
058430,포스코스틸리온,KOSPI,3636,60000000
265520,AP시스템,KOSDAQ,3635,15050821
001230,동국홀딩스,KOSPI,3625,31800483
452430,사피엔반도체,KOSDAQ,3608,8218046
204620,글로벌텍스프리,KOSDAQ,3591,70283330
101730,위메이드맥스,KOSDAQ,3583,83803286
241770,메카로,KOSDAQ,3578,10192640
064820,케이프,KOSDAQ,3552,30860215
009290,광동제약,KOSPI,3551,49799808
097520,엠씨넥스,KOSPI,3541,17401500
042370,비츠로테크,KOSDAQ,3537,26200025
092230,KPX홀딩스,KOSPI,3536,4224646
036890,진성티이씨,KOSDAQ,3527,22032623
029460,케이씨,KOSPI,3527,11020535
005950,이수화학,KOSPI,3521,26294169
034830,한국토지신탁,KOSPI,3520,252489230
003800,에이스침대,KOSDAQ,3516,11090000
005720,넥센,KOSPI,3499,52543977
009160,SIMPAC,KOSPI,3484,65370968
085910,네오티스,KOSDAQ,3484,13934818
011760,현대코퍼레이션,KOSPI,3479,13228966
078520,에이블씨엔씨,KOSPI,3468,26014161
065680,우주일렉트로,KOSDAQ,3461,9240471
046970,우리로,KOSDAQ,3458,43824999
200880,서연이화,KOSPI,3452,27028437
160980,싸이맥스,KOSDAQ,3447,10924243
016800,퍼시스,KOSPI,3444,11500000
084010,대한제강,KOSPI,3444,34371596
220100,퓨쳐켐,KOSDAQ,3429,22427420
091810,트리니티항공,KOSPI,3415,412969485
091700,파트론,KOSDAQ GLOBAL,3410,50000000
000650,천일고속,KOSPI,3409,1429220
001390,KG케미칼,KOSPI,3395,67233030
450950,아스테라시스,KOSDAQ,3386,37627592
078340,컴투스,KOSDAQ GLOBAL,3386,12091313
035810,이지홀딩스,KOSDAQ,3374,64516185
089980,상아프론테크,KOSDAQ,3374,15989037
194370,제이에스코퍼레이션,KOSPI,3372,29016758
036170,에이치엠넥스,KOSDAQ,3363,61365626
304360,에스바이오메딕스,KOSDAQ,3344,12385128
228760,지노믹트리,KOSDAQ,3336,24859202
002900,TYM,KOSPI,3333,41400000
025770,한국정보통신,KOSDAQ,3333,37444271
094360,칩스앤미디어,KOSDAQ,3326,21334174
003720,삼영,KOSPI,3322,34000000
018250,애경산업,KOSPI,3317,26409935
084690,대상홀딩스,KOSPI,3313,36212538
448280,에코아이,KOSDAQ,3313,29631129
200130,콜마비앤에이치,KOSDAQ GLOBAL,3306,29415558
104700,한국철강,KOSPI,3299,36450000
274090,켄코아에어로스페이스,KOSDAQ,3295,13729578
069080,웹젠,KOSDAQ GLOBAL,3292,30966575
355150,코스텍시스,KOSDAQ,3283,7797350
0082N0,카나프테라퓨틱스,KOSDAQ,3278,13216780
092460,한라IMS,KOSDAQ,3266,17109680
126560,현대퓨처넷,KOSPI,3260,109201040
298830,슈어소프트테크,KOSDAQ,3256,53458499
001940,KISCO홀딩스,KOSPI,3239,14176380
241520,DSC인베스트먼트,KOSDAQ,3235,26600000
0001A0,덕양에너젠,KOSDAQ,3228,24791195
086390,유니테스트,KOSDAQ,3227,21134126
026890,스틱인베스트먼트,KOSPI,3222,38770837
078150,HB테크놀러지,KOSDAQ,3213,92715916
378340,필에너지,KOSDAQ,3207,21625382
445090,에이직랜드,KOSDAQ,3201,10925658
007690,국도화학,KOSPI,3195,9260832
194700,노바렉스,KOSDAQ,3191,18254848
308430,셀비온,KOSDAQ,3189,12831510
084990,헬릭스미스,KOSDAQ,3180,46092797
018310,삼목에스폼,KOSDAQ,3160,14700000
136480,하림,KOSDAQ,3160,106209702
200670,휴메딕스,KOSDAQ,3156,11229930
180400,DXVX,KOSDAQ,3155,98429432
456010,아이씨티케이,KOSDAQ,3135,13901854
049070,인탑스,KOSDAQ,3129,17200000
017860,DS단석,KOSPI,3122,17759139
459510,나우로보틱스,KOSDAQ,3121,12978382
099430,바이오플러스,KOSDAQ,3113,61640722
144510,지씨셀,KOSDAQ,3103,15800344
002310,아세아제지,KOSPI,3101,39449510
024720,콜마홀딩스,KOSPI,3100,34296259
054210,이랜텍,KOSDAQ,3093,25291210
084850,아이티엠반도체,KOSDAQ GLOBAL,3087,22682934
036200,유니셈,KOSDAQ,3066,30664223
389260,대명에너지,KOSDAQ,3065,17916325
065660,안트로젠,KOSDAQ,3057,10006100
0008Z0,에스엔시스,KOSDAQ,3053,9436564
02826K,삼성물산우B,KOSPI,3053,1467590
200470,에이팩트,KOSDAQ,3050,42362093
005010,휴스틸,KOSPI,3045,56188075
203650,드림시큐리티,KOSDAQ,3043,101097320
272450,진에어,KOSPI,3033,52200000
108670,LX하우시스,KOSPI,3031,8967670
033270,유나이티드제약,KOSPI,3028,15910775
046120,오르비텍,KOSDAQ,3020,33855433
236200,슈프리마,KOSDAQ,3016,6974311
478340,나라스페이스테크놀로지,KOSDAQ,3016,11533591
462350,이노스페이스,KOSDAQ,3013,20868662
064290,인텍플러스,KOSDAQ,3010,12863962
073490,LIG아큐버,KOSDAQ,3004,7603846
012860,모베이스전자,KOSDAQ,3003,73233457
475400,씨메스로보틱스,KOSDAQ,2998,11756062
001750,한양증권,KOSPI,2998,12728534
061970,LB세미콘,KOSDAQ,2991,58083006
286940,롯데이노베이트,KOSPI,2991,15129367
394800,쓰리빌리언,KOSDAQ,2973,31761476
017390,서울가스,KOSPI,2960,4950000
114190,강원에너지,KOSDAQ,2960,26123038
053030,바이넥스,KOSDAQ,2942,32684188
041920,메디아나,KOSDAQ,2939,18598223
005500,삼진제약,KOSPI,2930,13320000
001250,GS글로벌,KOSPI,2922,82533764
418550,제이오,KOSDAQ,2907,32017673
123890,한국자산신탁,KOSPI,2900,122373926
043150,바텍,KOSDAQ,2897,14854256
900140,엘브이엠씨홀딩스,KOSPI,2895,193240432
314930,바이오다인,KOSDAQ,2884,29764103
318060,그래피,KOSDAQ,2883,11173177
092730,네오팜,KOSDAQ,2877,16027989
051500,CJ프레시웨이,KOSDAQ,2867,11871586
199820,제일일렉트릭,KOSDAQ,2855,22220000
011500,한농화성,KOSPI,2844,15637042
014940,오리엔탈정공,KOSDAQ,2844,45573661
243840,신흥에스이씨,KOSDAQ,2838,38558235
394420,리센스메디컬,KOSDAQ,2838,10934938
151860,KG에코솔루션,KOSDAQ,2832,47603002
064850,에프앤가이드,KOSDAQ,2830,11410332
494120,큐리오시스,KOSDAQ,2830,7616482
000680,LS네트웍스,KOSPI,2829,78803016
365270,큐라클,KOSDAQ,2828,21924566
003920,남양유업,KOSPI,2814,6000000
096760,JW홀딩스,KOSPI,2809,73924942
128820,대성산업,KOSPI,2809,45235478
088800,에이스테크,KOSDAQ,2809,75506434
338840,와이바이오로직스,KOSDAQ,2804,15366681
474650,링크솔루션,KOSDAQ,2793,5747107
037710,광주신세계,KOSPI,2784,7627172
352480,씨앤씨인터내셔널,KOSDAQ,2780,13629901
035600,KG이니시스,KOSDAQ,2780,27554434
036800,나이스정보통신,KOSDAQ,2780,10000000
093520,매커스,KOSDAQ,2779,11901837
092220,KEC,KOSPI,2779,40152628
217730,강스템바이오텍,KOSDAQ,2775,94054149
215000,골프존,KOSDAQ GLOBAL,2771,6275415
004380,삼익THK,KOSPI,2766,20700000
091580,상신이디피,KOSDAQ,2759,13328219
451760,컨텍,KOSDAQ,2757,15991804
054950,제이브이엠,KOSDAQ,2756,12089892
023410,유진기업,KOSDAQ,2756,77310863
108860,셀바스AI,KOSDAQ,2740,26914790
321550,티움바이오,KOSDAQ,2734,30038475
334890,이지스밸류플러스리츠,KOSPI,2733,69448683
472850,폰드그룹,KOSDAQ,2729,57571652
058970,엠로,KOSDAQ,2720,12362794
051360,토비스,KOSDAQ,2715,14917843
060720,KH바텍,KOSDAQ,2710,23677442
002320,한진,KOSPI,2710,15518616
389020,자람테크놀로지,KOSDAQ,2707,6905082
004430,송원산업,KOSPI,2700,24000000
112290,와이씨켐,KOSDAQ,2700,20221090
003520,영진약품,KOSPI,2694,182892731
309710,아이티켐,KOSDAQ,2684,12783001
475560,더본코리아,KOSPI,2682,14827970
0015G0,그린광학,KOSDAQ,2680,11702541
088260,이리츠코크렙,KOSPI,2679,63341590
067390,아스트,KOSDAQ,2661,415157579
290690,소룩스,KOSDAQ,2659,49337244
004360,세방,KOSPI,2659,19115603
037270,YG PLUS,KOSPI,2658,63663110
182400,엔케이젠바이오텍코리아,KOSDAQ,2655,72342431
003120,일성아이에스,KOSPI,2649,13300000
003960,사조대림,KOSPI,2649,9164467
000050,경방,KOSPI,2648,27415270
008490,서흥,KOSPI,2644,11569113
418420,라온텍,KOSDAQ,2637,30700933
049630,재영솔루텍,KOSDAQ,2630,23379512
244920,에이플러스에셋,KOSPI,2622,22607693
267980,매일유업,KOSDAQ,2617,7663638
023760,한국캐피탈,KOSDAQ,2616,315609576
064550,바이오니아,KOSDAQ,2609,25810291
900290,GRT,KOSDAQ,2601,81800000
439090,마녀공장,KOSDAQ,2600,16393260
043370,피에이치에이,KOSDAQ,2598,21000000
001460,BYC,KOSPI,2595,6246150
416180,신성에스티,KOSDAQ,2594,9039778
098120,마이크로컨텍솔,KOSDAQ,2594,8312766
100120,뷰웍스,KOSDAQ,2593,8971411
382800,지앤비에스 에코,KOSDAQ,2586,31831041
272110,케이엔제이,KOSDAQ,2576,8025395
094480,갤럭시아머니트리,KOSDAQ,2573,39229838
095500,미래나노텍,KOSDAQ,2571,31009999
121800,비덴트,KOSDAQ,2563,77201611
357550,석경에이티,KOSDAQ,2561,5455000
006805,미래에셋증권우,KOSPI,2548,14075750
115450,HLB테라퓨틱스,KOSDAQ,2547,88580109
000490,대동,KOSPI,2540,28826865
034120,SBS,KOSPI,2538,18551238
377460,큐에이드,KOSDAQ,2532,62055687
402490,그린리소스,KOSDAQ,2528,16830840
134380,미원화학,KOSPI,2527,21992680
005680,삼영전자,KOSPI,2516,20000000
000430,대원강업,KOSPI,2511,62000000
419530,SAMG엔터,KOSDAQ,2507,10029487
001340,PKC,KOSPI,2501,44973248
0030R0,대신밸류리츠,KOSPI,2496,59780000
226320,잇츠한불,KOSPI,2493,21929315
101360,에코앤드림,KOSDAQ,2490,17786114
099440,스맥,KOSDAQ,2485,68243394
125020,티씨머티리얼즈,KOSDAQ,2481,35038550
432720,퀄리타스반도체,KOSDAQ,2473,14187572
017890,한국알콜,KOSDAQ,2470,21273506
003070,코오롱글로벌,KOSPI,2464,25423959
044450,KSS해운,KOSPI,2463,23085880
003200,일신방직,KOSPI,2461,22960000
000540,흥국화재,KOSPI,2460,64242645
241590,화승엔터프라이즈,KOSPI,2460,60589276
136490,선진,KOSPI,2456,23779604
013890,지누스,KOSPI,2449,21925813
051370,인터플렉스,KOSDAQ,2447,23327472
052710,아모텍,KOSDAQ,2444,14615109
000320,노루홀딩스,KOSPI,2438,13291151
950170,JTC,KOSDAQ,2435,51746348
294570,쿠콘,KOSDAQ,2432,10091732
019010,베뉴지,KOSDAQ,2429,48200000
251370,와이엠티,KOSDAQ,2425,18013213
122900,아이마켓코리아,KOSPI,2410,33428840
232530,이엠티,KONEX,2408,25614304
206640,바디텍메드,KOSDAQ,2403,21907921
001790,대한제당,KOSPI,2399,89696580
138360,앤로보틱스,KOSDAQ,2398,76991722
487580,폴레드,KOSDAQ,2395,25182861
432320,KB스타리츠,KOSPI,2393,150764285
092200,디아이씨,KOSPI,2388,38888569
036030,케이티알파,KOSDAQ,2385,49019283
322310,오로스테크놀로지,KOSDAQ,2379,9366542
461300,아이스크림미디어,KOSDAQ,2373,13323933
190510,나무가,KOSDAQ,2369,14085317
067080,대화제약,KOSDAQ,2366,18616650
011560,세보엠이씨,KOSDAQ,2365,10350000
018000,유니슨,KOSDAQ,2358,249260593
092070,디엔에프,KOSDAQ,2355,11571858
377190,디앤디플랫폼리츠,KOSPI,2343,88400000
053690,한미글로벌,KOSPI,2334,10957550
348950,제이알글로벌리츠,KOSPI,2333,197376000
0088M0,메쥬,KOSDAQ,2332,9881750
0007C0,아크릴,KOSDAQ,2329,8030324
001780,알루코,KOSPI,2329,96830132
007160,사조산업,KOSPI,2328,5000000
353810,이지바이오,KOSDAQ,2322,33081920
078070,유비쿼스홀딩스,KOSDAQ,2320,17604772
005430,한국공항,KOSPI,2318,3166355
054450,텔레칩스,KOSDAQ,2317,15144233
012210,삼미금속,KOSDAQ,2317,22192012
012610,경인양행,KOSPI,2314,41616365
004310,현대약품,KOSPI,2310,32000000
045390,대아티아이,KOSDAQ,2297,70473377
005710,대원산업,KOSDAQ,2296,20037600
138610,나이벡,KOSDAQ,2291,11367793
255220,SG,KOSDAQ,2290,109563302
211270,AP위성,KOSDAQ,2288,15082304
030210,다올투자증권,KOSPI,2284,60911106
488280,에스투더블유,KOSDAQ,2274,10803486
053300,한국정보인증,KOSDAQ,2271,42441361
033530,SJG세종,KOSPI,2270,27820961
288180,케이피항공산업,KOSDAQ,2270,7393262
001630,종근당홀딩스,KOSPI,2269,5009861
210980,SK디앤디,KOSPI,2269,18617382
033920,무학,KOSPI,2263,28500000
484810,티엑스알로보틱스,KOSDAQ,2260,15450915
123860,아나패스,KOSDAQ,2260,12123415
404990,신한서부티엔디리츠,KOSPI,2256,61232584
226590,엠디바이스,KOSDAQ,2256,10716784
084680,이월드,KOSPI,2255,141806193
314130,지놈앤컴퍼니,KOSDAQ,2253,36158929
035510,신세계 I&C,KOSPI,2241,13980900
068930,디지털대성,KOSDAQ,2239,27675342
009680,모토닉,KOSPI,2239,21733094
004560,현대비앤지스틸,KOSPI,2238,15078811
025000,KPX케미칼,KOSPI,2238,4378709
361390,제노코,KOSDAQ,2234,9736381
013120,동원개발,KOSDAQ,2234,90808100
264850,이랜시스,KOSDAQ,2233,30294612
010580,에스엠벡셀,KOSPI,2225,111251760
004980,성신양회,KOSPI,2224,24516073
086820,바이오솔루션,KOSDAQ,2222,25924085
000480,CR홀딩스,KOSPI,2218,46890490
119610,인터로조,KOSDAQ,2217,11413747
307180,아이엘,KOSDAQ,2211,34713473
035150,백산,KOSPI,2201,20028841
094820,일진파워,KOSDAQ,2195,15078709
051905,LG생활건강우,KOSPI,2191,2096259
126600,BGF에코머티리얼즈,KOSDAQ,2191,62766899
010955,S-Oil우,KOSPI,2188,4021927
209640,와이제이링크,KOSDAQ,2187,28443146
001130,대한제분,KOSPI,2187,16900000
372170,윤성에프앤씨,KOSDAQ,2186,7979048
061090,세나테크놀로지,KOSDAQ,2185,5587050
304100,솔트룩스,KOSDAQ,2183,12593855
256840,한국비엔씨,KOSDAQ,2178,68394886
298690,에어부산,KOSPI,2175,116640000
382900,범한퓨얼셀,KOSDAQ,2173,8761000
126700,하이비젼시스템,KOSDAQ,2173,14942112
012200,계양전기,KOSPI,2170,27222829
009470,삼화전기,KOSPI,2169,6613820
034810,해성산업,KOSDAQ,2163,31580152
122990,와이솔,KOSDAQ,2150,26639081
083310,엘오티베큠,KOSDAQ,2150,17810033
474170,루미르,KOSDAQ,2145,17817696
117580,대성에너지,KOSPI,2137,27500000
214180,헥토이노베이션,KOSDAQ,2130,12993367
102460,이연제약,KOSPI,2126,18586811
003555,LG우,KOSPI,2126,3011199
159010,아스플로,KOSDAQ,2122,13334739
03473K,SK우,KOSPI,2115,566135
108380,대양전기공업,KOSDAQ,2114,9567333
484120,도우인시스,KOSDAQ,2114,10957422
008350,남선알미늄,KOSPI,2113,129079090
457550,우진엔텍,KOSDAQ,2106,9318958
053210,스카이라이프,KOSPI,2105,47522955
481070,에이유브랜즈,KOSDAQ,2102,14260000
003650,미창석유,KOSPI,2100,1739672
237880,클리오,KOSDAQ,2094,18071353
221800,지구홀딩스,KOSDAQ,2089,16232474
405100,큐알티,KOSDAQ,2088,12289301
464080,에스오에스랩,KOSDAQ,2078,17947045
176750,듀켐바이오,KOSDAQ,2074,28488720
011690,와이투솔루션,KOSPI,2070,36704394
024060,흥구석유,KOSDAQ,2068,15000000
380540,옵티코어,KOSDAQ,2067,48913167
095570,AJ네트웍스,KOSPI,2064,45252759
102120,어보브반도체,KOSDAQ,2063,17780753
003220,대원제약,KOSPI,2059,22427583
001080,만호제강,KOSPI,2056,41500000
446540,메가터치,KOSDAQ,2051,25963749
052330,코텍,KOSDAQ,2048,17761589
028100,동아지질,KOSPI,2046,13389502
036710,심텍홀딩스,KOSDAQ,2039,52827754
339770,교촌에프앤비,KOSPI,2039,49965080
039840,디오,KOSDAQ,2037,13415828
039570,HDC랩스,KOSPI,2035,25957601
194480,데브시스터즈,KOSDAQ,2034,12129150
036560,KZ정밀,KOSDAQ,2027,15750000
003350,한국화장품제조,KOSPI,2026,22660000
058820,CMG제약,KOSDAQ,2024,147842183
102260,동성케미컬,KOSPI,2022,50669591
000390,SP삼화,KOSPI,2021,27203469
458650,성우,KOSDAQ,2018,15045670
216080,제테마,KOSDAQ,2017,37287099
489500,엘케이켐,KOSDAQ,2016,6391238
065710,서호전기,KOSDAQ,2016,5150000
388050,지투파워,KOSDAQ,2013,18709437
357880,SKAI,KOSDAQ,2012,51997604
264450,유비쿼스,KOSDAQ,2011,14665493
487570,HS효성,KOSPI,2008,3725927
187790,나노,KOSDAQ,2008,30840830
016580,환인제약,KOSPI,2003,18600070
402030,코난테크놀로지,KOSDAQ,2003,12517488
199430,케이엔알시스템,KOSDAQ,2000,11144043
462860,더즌,KOSDAQ,1999,71895526
007860,서연,KOSPI,1993,23479844
042600,새로닉스,KOSDAQ,1991,12423574
000140,하이트진로홀딩스,KOSPI,1986,23206765
003547,대신증권2우B,KOSPI,1985,9803333
260970,에스앤디,KOSDAQ,1979,2892754
024840,KBI메탈,KOSDAQ,1976,37285777
950140,잉글우드랩,KOSDAQ,1971,19867866
121440,골프존홀딩스,KOSDAQ,1968,42836818
002150,도화엔지니어링,KOSPI,1959,33720000
260870,SK시그넷,KONEX,1953,21674747
452450,피아이이,KOSDAQ,1949,36028500
039860,나노엔텍,KOSDAQ,1947,38093053
013580,계룡건설,KOSPI,1942,8930907
071200,인피니트헬스케어,KOSDAQ,1940,24396458
308080,바이젠셀,KOSDAQ,1929,20499260
083930,아바코,KOSDAQ,1929,14677249
270660,에브리봇,KOSDAQ,1914,12690583
417010,나노팀,KOSDAQ,1910,20172728
100250,진양홀딩스,KOSPI,1907,63900000
166480,코아스템켐온,KOSDAQ,1906,52870376
036190,금화피에스시,KOSDAQ,1905,6000000
271980,제일약품,KOSPI,1895,14704872
293580,나우IB,KOSDAQ,1894,94929950
000860,강남제비스코,KOSPI,1892,13000000
380550,뉴로핏,KOSDAQ,1891,12091835
285490,노바텍,KOSDAQ,1889,10575831
445180,퓨릿,KOSDAQ,1880,17189188
032620,GC메디아이,KOSDAQ,1876,52197139
016790,현대사료,KOSDAQ,1873,188471729
041020,폴라리스오피스,KOSDAQ,1873,49683793
095700,제넥신,KOSDAQ,1869,45540494
118990,모트렉스,KOSDAQ,1867,24537371
371950,풍원정밀,KOSDAQ,1863,22662548
140670,알에스오토메이션,KOSDAQ,1858,12839840
080160,모두투어,KOSDAQ,1858,18900000
003610,방림,KOSPI,1854,36202158
044820,코스맥스비티아이,KOSPI,1850,9603921
234080,JW생명과학,KOSPI,1848,15834554
007570,일양약품,KOSPI,1847,19085664
104480,티케이케미칼,KOSDAQ,1841,90895434
125210,아모그린텍,KOSDAQ,1839,16496790
377450,리파인,KOSDAQ,1835,17330000
101530,해태제과식품,KOSPI,1834,29116822
147830,제룡산업,KOSDAQ,1830,20000000
146320,비씨엔씨,KOSDAQ,1820,12797923
060150,인선이엔티,KOSDAQ,1816,46563612
192440,슈피겐코리아,KOSDAQ,1815,6216363
002100,경농,KOSPI,1814,19522575
232680,라온로보틱스,KOSDAQ,1809,13115949
289080,SV인베스트먼트,KOSDAQ,1804,60138233
079960,동양이엔피,KOSDAQ,1804,7860000
025820,이구산업,KOSPI,1796,33442000
234690,녹십자웰빙,KOSDAQ,1795,17963290
289930,웨이비스,KOSDAQ,1794,13149010
001045,CJ우,KOSPI,1792,2260223
042420,네오위즈홀딩스,KOSDAQ,1779,8142283
143160,아이디스,KOSDAQ,1770,10716390
101170,우림피티에스,KOSDAQ,1763,13500000
066620,국보디자인,KOSDAQ,1762,7500000
293780,압타바이오,KOSDAQ,1761,28093405
016880,웅진,KOSPI,1754,79927080
474610,RF시스템즈,KOSDAQ,1753,14307648
403850,더핑크퐁컴퍼니,KOSDAQ,1751,14351010
059120,아진엑스텍,KOSDAQ,1749,18310066
163730,핑거,KOSDAQ,1746,9406568
083500,에프엔에스테크,KOSDAQ,1741,8575722
000300,DH오토넥스,KOSPI,1740,41437055
003460,유화증권,KOSPI,1738,56702415
018470,조일알미늄,KOSPI,1735,126631721
015230,대창단조,KOSPI,1734,27143620
321370,센서뷰,KOSDAQ,1731,51664906
007330,푸른저축은행,KOSDAQ,1728,15082800
293480,하나제약,KOSPI,1728,17772946
222040,코스맥스엔비티,KOSDAQ,1725,20628000
140610,엔솔바이오사이언스,KONEX,1724,13889073
092130,이크레더블,KOSDAQ,1723,12043600
097955,CJ제일제당 우,KOSPI,1720,1327433
081000,일진다이아,KOSPI,1719,14202975
039560,다산네트웍스,KOSDAQ,1718,42888468
179290,엠아이텍,KOSDAQ,1715,32365678
267320,나인테크,KOSDAQ,1714,57415295
203400,에이비온,KOSDAQ,1711,90101304
460850,동국씨엠,KOSPI,1704,29898656
031440,신세계푸드,KOSPI,1704,3872480
004090,한국석유,KOSPI,1701,12694120
011785,금호석유화학우,KOSPI,1696,3023486
073010,케이에스피,KOSDAQ,1694,40191250
016450,한세예스24홀딩스,KOSPI,1694,40000000
259630,엠플러스,KOSDAQ,1693,12222396
000520,삼일제약,KOSPI,1688,21691811
264660,씨앤지하이테크,KOSDAQ,1688,9721172
400760,NH올원리츠,KOSPI,1686,54929275
101970,우양에이치씨,KOSDAQ,1686,14790009
143240,사람인,KOSDAQ,1685,10732731
299030,하나기술,KOSDAQ,1683,7994910
0011A0,액스비스,KOSDAQ,1680,9333740
006060,화승인더,KOSPI,1679,55320000
024800,유성티엔에스,KOSDAQ,1675,37051812
187870,디바이스,KOSDAQ,1675,7036609
462520,조선내화,KOSPI,1670,11855168
038390,레드캡투어,KOSDAQ,1664,16720822
049430,코메론,KOSDAQ,1662,9048000
051980,중앙첨단소재,KOSDAQ,1661,111091709
002170,SYTS,KOSPI,1659,3000000
047310,파워로직스,KOSDAQ,1658,36610755
119830,아이텍,KOSDAQ,1655,26349023
086980,쇼박스,KOSDAQ,1654,62638000
396270,넥스트칩,KOSDAQ,1651,32887431
149950,아바텍,KOSDAQ,1650,13667703
000020,동화약품,KOSPI,1645,27931470
046440,KG파이낸셜,KOSDAQ,1644,38010802
017510,세명전기,KOSDAQ,1644,15246000
452190,한빛레이저,KOSDAQ,1643,23920557
213500,한솔제지,KOSPI,1642,23800576
037560,LG헬로비전,KOSPI,1642,77446865
071840,롯데하이마트,KOSPI,1641,23607712
040160,누리플렉스,KOSDAQ,1640,12055535
123410,코리아에프티,KOSDAQ,1634,27841064
005960,동부건설,KOSPI,1634,22946663
049960,쎌바이오텍,KOSDAQ,1634,9400000
473980,노머스,KOSDAQ,1630,11059322
023910,대한약품,KOSDAQ,1626,6000000
011040,경동제약,KOSDAQ,1625,30768766
115310,인포바인,KOSDAQ,1624,15964415
220260,켐트로스,KOSDAQ,1623,32072055
106190,하이텍팜,KOSDAQ,1623,10633173
282880,코윈테크,KOSDAQ,1622,11694082
307750,국전,KOSDAQ,1614,53986288
323350,다원넥스뷰,KOSDAQ,1614,8010772
032580,피델릭스,KOSDAQ,1614,33132064
013990,아가방컴퍼니,KOSDAQ,1613,32887536
003480,한진중공업홀딩스,KOSPI,1606,29529812
054920,한컴위드,KOSDAQ,1606,28217081
037030,파워넷,KOSDAQ,1602,25512992
007610,선도전기,KOSPI,1602,18000000
204610,티쓰리,KOSDAQ,1601,55001720
017550,수산세보틱스,KOSPI,1601,62399130
056090,시지메드텍,KOSDAQ,1601,103259036
090350,노루페인트,KOSPI,1600,20000000
240550,동방메디컬,KOSDAQ,1597,20933940
066410,버킷스튜디오,KOSDAQ,1596,138453818
054800,아이디스홀딩스,KOSDAQ,1594,10347756
123330,제닉,KOSDAQ,1593,7968680
046070,코다코,KOSDAQ,1592,15486089
078890,가온그룹,KOSDAQ,1592,18424943
475230,엔알비,KOSDAQ,1591,10898683
297890,HB솔루션,KOSDAQ,1587,73140914
039830,오로라,KOSDAQ,1585,10762890
082800,비보존 제약,KOSDAQ,1582,60719666
469610,이노테크,KOSDAQ,1567,8934900
340450,지씨지놈,KOSDAQ,1563,23650793
115500,케이씨에스,KOSDAQ,1554,12000000
048870,시너지이노베이션,KOSDAQ,1550,88106963
062970,한국첨단소재,KOSDAQ,1547,57088614
002780,진흥기업,KOSPI,1542,145471745
068790,DMS,KOSDAQ,1542,22570224
008970,KBI동양철관,KOSPI,1535,103766907
002990,금호건설,KOSPI,1533,37259974
000970,한국주철관,KOSPI,1532,22800500
412350,레이저쎌,KOSDAQ,1532,14435282
093640,케이알엠,KOSDAQ,1531,32675446
297090,씨에스베어링,KOSDAQ,1527,27270000
009070,KCTC,KOSPI,1527,30000000
158430,아톤,KOSDAQ,1525,24482092
317400,자이에스앤디,KOSPI,1524,38782520
004150,한솔홀딩스,KOSPI,1518,41026620
214420,토니모리,KOSPI,1518,24054799
086890,이수앱지스,KOSDAQ,1517,40774646
003830,대한화섬,KOSPI,1517,1328000
334970,프레스티지바이오로직스,KOSDAQ,1515,77752637
00279K,아모레퍼시픽홀딩스3우C,KOSPI,1514,7092200
095190,신화프리텍,KOSDAQ,1514,65260462
072870,메가스터디,KOSDAQ,1514,11920959
0004V0,엔비알모션,KOSDAQ,1512,10404468
357580,아모센스,KOSDAQ,1508,11717567
005160,동국산업,KOSDAQ,1505,54244482
053080,케이엔솔,KOSDAQ,1499,12999807
408920,메쎄이상,KOSDAQ,1498,43232455
067280,멀티캠퍼스,KOSDAQ,1497,5926779
272550,삼양패키징,KOSPI,1496,15068406
066430,아이로보틱스,KOSDAQ,1496,39153476
172670,에이엘티,KOSDAQ,1495,8960259
001520,동양,KOSPI,1494,238684063
086960,MDS테크,KOSDAQ,1492,41076968
114840,아이패밀리에스씨,KOSDAQ,1491,17319900
008830,대동기어,KOSDAQ,1490,8987520
950250,테라뷰,KOSDAQ,1488,35517731
192410,오늘이엔엠,KOSDAQ,1486,23330786
210540,디와이파워,KOSPI,1484,11041708
084670,동양고속,KOSPI,1477,2895569
298000,효성화학,KOSPI,1475,3791811
038290,마크로젠,KOSDAQ,1470,10841400
086670,비엠티,KOSDAQ,1467,9925885
093190,빅솔론,KOSDAQ,1466,19238905
242040,나무기술,KOSDAQ,1466,34606264
000700,유수홀딩스,KOSPI,1461,26041812
001360,삼성제약,KOSPI,1460,94162079
023600,삼보판지,KOSDAQ,1460,16008300
217950,파마리서치바이오,KONEX,1460,4183240
041520,이엘씨,KOSDAQ,1459,12188730
003100,선광,KOSDAQ,1459,6600000
217270,넵튠,KOSDAQ,1458,46735643
013520,화승코퍼레이션,KOSPI,1456,50051252
108230,톱텍,KOSDAQ,1452,38023245
004960,한신공영,KOSPI,1449,11570702
004970,신라교역,KOSPI,1448,16000000
077500,유니퀘스트,KOSPI,1447,21600102
290740,액트로,KOSDAQ,1446,10065011
011000,진원생명과학,KOSPI,1442,90882907
105330,케이엔더블유,KOSDAQ,1442,16019520
322180,LS티라유텍,KOSDAQ,1439,20921984
027710,팜스토리,KOSDAQ,1433,111416600
037350,성도이엔지,KOSDAQ,1433,15210000
069510,에스텍,KOSDAQ,1430,10910000
015890,태경산업,KOSPI,1425,29228750
148150,세경하이테크,KOSDAQ,1422,35542818
037070,파세코,KOSDAQ,1420,20000000
002230,피에스텍,KOSDAQ,1420,18705320
088130,동아엘텍,KOSDAQ,1418,17485314
094280,효성ITX,KOSPI,1416,11558200
008040,사조동아원,KOSPI,1416,141144600
009580,무림P&P,KOSPI,1413,62368324
453450,그리드위즈,KOSDAQ,1412,7942750
052420,오성첨단소재,KOSDAQ,1411,97420096
365330,에스와이스틸텍,KOSDAQ,1407,50171000
049720,고려신용정보,KOSDAQ,1407,14300000
396300,세아메카닉스,KOSDAQ,1407,26489500
041440,현대에버다임,KOSDAQ,1405,17915944
214390,경보제약,KOSPI,1403,23906860
333430,일승,KOSDAQ,1395,30726747
136540,윈스테크넷,KOSDAQ,1393,12279746
025560,미래산업,KOSPI,1392,5090828
067990,도이치모터스,KOSDAQ,1392,29181550
014280,금강공업,KOSPI,1392,29329357
001540,안국약품,KOSDAQ,1390,13042420
263860,지니언스,KOSDAQ,1389,9079600
005990,매일홀딩스,KOSDAQ,1388,13298304
021080,에이티넘인베스트,KOSDAQ,1385,48000000
129920,대성하이텍,KOSDAQ,1384,16248696
323990,박셀바이오,KOSDAQ,1384,23257345
338220,뷰노,KOSDAQ,1375,14001823
381620,제닉스로보틱스,KOSDAQ,1372,13117920
016740,두올,KOSPI,1372,28674024
142280,녹십자엠에스,KOSDAQ,1372,21741926
235980,메드팩토,KOSDAQ,1371,34275121
089470,HDC현대EP,KOSPI,1369,31900000
142210,유니트론텍,KOSDAQ,1368,20751403
223250,드림씨아이에스,KOSDAQ,1365,24600444
027970,한국제지,KOSPI,1365,190150720
040300,YTN,KOSDAQ,1359,47676980
212560,네오오토,KOSDAQ,1356,11812241
002620,제일파마홀딩스,KOSPI,1355,15973355
080420,모다이노칩,KOSDAQ,1354,79721622
063570,NICE인프라,KOSDAQ,1349,34147728
032940,원익,KOSDAQ,1348,18193230
107590,미원홀딩스,KOSPI,1346,2320000
417500,제이아이테크,KOSDAQ,1343,32784744
012800,대창,KOSPI,1342,91140499
020120,키다리스튜디오,KOSPI,1342,37063766
070960,모나용평,KOSPI,1338,48133333
007540,샘표,KOSPI,1337,2875800
214680,디알텍,KOSDAQ,1336,83477056
078000,텔코웨어,KOSPI,1335,9240077
115440,우리넷,KOSDAQ,1332,10794292
047560,이스트소프트,KOSDAQ,1329,11753082
079430,현대리바트,KOSPI,1328,20114202
300080,플리토,KOSDAQ,1327,16505451
269620,시스웍,KOSDAQ,1321,148582691
225190,LK삼양,KOSDAQ,1320,70468440
126730,코칩,KOSDAQ,1318,8770126
024090,디씨엠,KOSPI,1314,11400000
336680,탑런토탈솔루션,KOSDAQ,1313,39145558
217820,원익피앤이,KOSDAQ,1312,47454559
267290,경동도시가스,KOSPI,1309,5895406
33626K,두산퓨얼셀1우,KOSPI,1307,13364200
282720,금양그린파워,KOSDAQ,1306,12119500
009270,신원,KOSPI,1306,114770393
307930,컴퍼니케이,KOSDAQ,1300,15610000
004080,신흥,KOSPI,1300,9400000
388790,라이콤,KOSDAQ,1300,30614160
122450,KX,KOSDAQ,1298,44819834
092040,아미코젠,KOSDAQ,1297,70655387
006620,동구바이오제약,KOSDAQ,1295,28464992
089600,KT나스미디어,KOSDAQ,1292,11568163
107600,새빗켐,KOSDAQ,1292,5640954
011280,태림포장,KOSPI,1290,70805940
010100,한국무브넥스,KOSPI,1287,30450420
005860,한일사료,KOSDAQ,1285,39403685
253840,수젠텍,KOSDAQ,1281,16743200
123040,엠에스오토텍,KOSDAQ,1278,62628299
053700,삼보모터스,KOSDAQ,1277,25443768
012320,경동인베스트,KOSPI,1277,2365023
016710,대성홀딩스,KOSPI,1274,16089459
054540,삼영엠텍,KOSDAQ,1274,13000000
013310,아진산업,KOSDAQ,1271,38806582
263720,디앤씨미디어,KOSDAQ,1270,12412591
350520,이지스레지던스리츠,KOSPI,1268,36866202
071280,로체시스템즈,KOSDAQ,1268,15296603
085670,뉴프렉스,KOSDAQ,1267,24500761
250060,모비스,KOSDAQ,1266,32171314
950130,엑세스바이오,KOSDAQ,1264,35173834
065450,빅텍,KOSDAQ,1261,29495803
021820,세원정공,KOSPI,1260,10000000
156100,엘앤케이바이오,KOSDAQ,1258,22351153
036690,코맥스,KOSDAQ,1257,43567455
021320,KCC건설,KOSDAQ,1252,21400000
396470,워트,KOSDAQ,1251,16120000
005800,신영와코루,KOSPI,1246,9000000
019180,티에이치엔,KOSPI,1246,18000000
339950,아이비김영,KOSDAQ,1245,44946655
310200,애니플러스,KOSDAQ,1244,52162836
049080,기가레인,KOSDAQ,1243,84883347
255440,야스,KOSDAQ,1242,13058000
014710,사조씨푸드,KOSPI,1241,17218543
002460,HS화성,KOSPI,1240,10150000
366030,공구우먼,KOSDAQ,1239,22653850
002390,한독,KOSPI,1239,13763533
182360,큐브엔터,KOSDAQ,1238,15549849
004250,NPC,KOSPI,1237,36720000
047820,초록뱀미디어,KOSDAQ,1237,24453930
025620,차AI헬스케어,KOSPI,1234,18203973
083420,그린케미칼,KOSPI,1234,24000000
090850,현대이지웰,KOSDAQ,1232,23746361
042510,라온시큐어,KOSDAQ,1226,11205174
234030,싸이닉솔루션,KOSDAQ,1225,23605000
493330,지에프아이,KOSDAQ,1225,7682146
067900,와이엔텍,KOSDAQ,1219,18199659
014530,극동유화,KOSPI,1219,34869420
475580,에이럭스,KOSDAQ,1218,13624900
131030,옵투스제약,KOSDAQ,1218,17646590
322510,제이엘케이,KOSDAQ,1216,25725892
205100,엑셈,KOSDAQ,1214,70686423
456070,이엔셀,KOSDAQ,1210,11028717
002450,삼익악기,KOSPI,1209,90530915
0007J0,인벤테라,KOSDAQ,1208,7865714
049950,미래컴퍼니,KOSDAQ,1207,8817884
256940,킵스파마,KOSDAQ,1207,20078147
015590,DKME,KOSPI,1206,47396308
215100,로보로보,KOSDAQ,1203,20348454
001020,페이퍼코리아,KOSPI,1200,177983313
389030,지니너스,KOSDAQ,1199,33525445
052260,현대바이오랜드,KOSDAQ,1197,30000000
360070,탑머티리얼,KOSDAQ,1197,8186243
014580,태경비케이,KOSPI,1196,27583100
123690,한국화장품,KOSPI,1195,16068000
306620,지아이에스,KOSDAQ,1191,47942184
100590,머큐리,KOSDAQ,1189,17139545
002220,한일철강,KOSPI,1187,26697460
009780,엠에스씨,KOSDAQ,1186,17600000
033340,좋은사람들,KOSDAQ,1183,96950558
109740,디에스케이,KOSDAQ,1180,25710390
141000,비아트론,KOSDAQ,1180,12114710
330730,스톤브릿지벤처스,KOSDAQ,1179,18217830
076610,해성옵틱스,KOSDAQ,1178,53175440
039980,폴라리스AI,KOSDAQ,1178,14381214
054050,NH농우바이오,KOSDAQ,1170,16030561
038540,상상인,KOSDAQ,1170,55328313
073560,우리손에프앤지,KOSDAQ,1170,69237643
001290,상상인증권,KOSPI,1168,108337120
025950,동신건설,KOSDAQ,1168,8400000
029480,광무,KOSDAQ,1166,59719132
041590,플래스크,KOSDAQ,1161,48972158
035000,HS애드,KOSPI,1159,16207644
227840,현대코퍼레이션홀딩스,KOSPI,1157,9100836
089230,THE E&M,KOSDAQ,1156,37421354
109610,에스와이,KOSDAQ,1154,48907400
045970,코아시아,KOSDAQ,1154,26314876
047770,코데즈컴바인,KOSDAQ,1152,37842602
034590,인천도시가스,KOSPI,1152,4374754
036420,콘텐트리중앙,KOSPI,1150,19262308
248170,샘표식품,KOSPI,1144,4568286
018120,진로발효,KOSDAQ,1144,6621120
013570,디와이,KOSPI,1144,26319633
011700,한신기계,KOSPI,1142,32446151
096250,와이즈넛,KOSDAQ,1141,13105344
049520,유아이엘,KOSDAQ,1141,30842625
035080,그래디언트,KOSDAQ,1141,11431284
131370,알서포트,KOSDAQ,1140,53267083
139990,아주스틸,KOSPI,1139,38755414
226400,오스테오닉,KOSDAQ,1138,20661601
038110,에코플라스틱,KOSDAQ,1138,41169370
464490,쿼드메디슨,KOSDAQ,1138,11482113
120030,조선선재,KOSPI,1137,1257651
104460,디와이피엔에프,KOSDAQ,1135,10518101
136150,원일티엔아이,KOSDAQ,1134,8381030
000440,중앙에너비스,KOSDAQ,1127,6227130
309960,LB인베스트먼트,KOSDAQ,1126,23217239
059270,해성에어로보틱스,KOSDAQ,1124,11165299
051160,지어소프트,KOSDAQ,1123,15474430
357230,에이치피오,KOSDAQ,1123,41293476
052900,KX하이텍,KOSDAQ,1123,69481232
246710,티앤알바이오팹,KOSDAQ,1122,47664504
382840,원준,KOSDAQ,1122,15271581
149980,하이로닉,KOSDAQ,1117,21194363
317770,엑스페릭스,KOSDAQ,1116,36486545
023900,풍국주정,KOSDAQ,1116,12600000
004590,한국가구,KOSDAQ,1116,15000000
229500,노브메타파마,KONEX,1115,12841554
408470,한패스,KOSDAQ,1114,10572000
032300,한국파마,KOSDAQ,1114,10906701
072950,빛샘전자,KOSDAQ,1112,8052610
100130,동국S&C,KOSDAQ,1111,57143000
363280,티와이홀딩스,KOSPI,1110,45497333
267850,아시아나IDT,KOSPI,1110,11100000
023800,인지컨트롤스,KOSPI,1107,15809197
067830,세이브존I&C,KOSPI,1104,41040895
262260,에이프로,KOSDAQ,1102,14468152
290720,푸드나무,KOSDAQ,1101,35122142
413630,씨피시스템,KOSDAQ,1100,36436626
007210,벽산,KOSPI,1099,65360000
036010,아비코전자,KOSDAQ,1097,13292934
011810,STX,KOSPI,1095,31017927
067000,조이시티,KOSDAQ,1093,69903446
443670,에스피소프트,KOSDAQ,1090,24741392
004140,동방,KOSPI,1087,47971766
014160,대영포장,KOSPI,1086,108394549
228850,레이언스,KOSDAQ,1085,16591014
059210,메타바이오메드,KOSDAQ,1084,27171445
066310,큐에스아이,KOSDAQ,1084,9271621
090470,제이스로보틱스,KOSDAQ,1082,17476594
078140,대봉엘에스,KOSDAQ,1081,11086579
225530,HC보광산업,KOSDAQ,1074,36338727
100700,세운메디칼,KOSDAQ,1073,43800000
086710,선진뷰티사이언스,KOSDAQ,1070,12203280
331740,아우토크립트,KOSDAQ,1068,9749691
044990,에이치엔에스하이텍,KOSDAQ,1068,7685425
074430,아미노로직스,KOSDAQ,1067,87826844
091120,이엠텍,KOSDAQ,1062,17132936
036220,오상헬스케어,KOSDAQ,1062,14309416
337930,젝시믹스,KOSDAQ,1061,29676475
331920,셀레믹스,KOSDAQ,1061,8164148
063170,서울옥션,KOSDAQ,1059,17774267
094840,슈프리마에이치큐,KOSDAQ,1057,9806109
205470,휴마시스,KOSDAQ,1057,25875001
058850,KTcs,KOSPI,1056,41404450
0015S0,페스카로,KOSDAQ,1053,9866730
476040,오가노이드사이언스,KOSDAQ,1052,6585760
096240,크레버스,KOSDAQ,1051,10738180
042500,링네트,KOSDAQ,1050,22291144
117670,알파칩스,KOSDAQ,1050,6661742
417970,모델솔루션,KOSDAQ,1047,6396700
311320,지오엘리먼트,KOSDAQ,1042,12614560
265740,엔에프씨,KOSDAQ,1040,17863600
217330,싸이토젠,KOSDAQ,1039,23129547
036630,세종텔레콤,KOSDAQ,1035,10000000
039340,한국경제TV,KOSDAQ,1034,22000000
019550,SBI인베스트먼트,KOSDAQ,1034,162066575
023450,동남합성,KOSPI,1031,3500000
264900,크라운제과,KOSPI,1029,12523850
228670,레이,KOSDAQ,1028,15640021
024880,케이피에프,KOSDAQ,1024,20162754
084650,랩지노믹스,KOSDAQ,1024,74239990
041930,SY동아,KOSDAQ,1020,15200000
052860,아이앤씨,KOSDAQ,1018,17862854
079810,APS이노베이션,KOSDAQ,1012,21528094
006840,AK홀딩스,KOSPI,1011,13247561
321260,프로이천,KOSDAQ,1011,28192084
036580,팜스코,KOSPI,1010,36727943
033290,로젠,KOSDAQ,1009,56156301
119650,KC코트렐,KOSPI,1008,109785309
014790,HL D&I,KOSPI,1007,37858601
009300,삼아제약,KOSDAQ,999,6370000
078935,GS우,KOSPI,998,1784826
053580,웹케시,KOSDAQ,997,12954436
019680,대교,KOSPI,997,84702850
066700,테라젠이텍스,KOSDAQ,996,37152376
101330,모베이스,KOSDAQ,995,23147029
246720,아스타,KOSDAQ,994,16381300
004100,태양금속,KOSPI,989,36700000
032560,황금에스티,KOSPI,988,17000000
099750,이지케어텍,KOSDAQ,988,13659173
063080,컴투스홀딩스,KOSDAQ,986,6595192
048550,SM C&C,KOSDAQ,986,96714620
251120,바이오에프디엔씨,KOSDAQ,984,8695700
008260,NI스틸,KOSPI,984,28600117
298540,더네이쳐홀딩스,KOSDAQ,984,14486386
352090,스톰테크,KOSDAQ,984,26872998
212710,아이에스티이,KOSDAQ,983,9622978
066980,한성크린텍,KOSDAQ,982,51935125
424960,스마트레이더시스템,KOSDAQ,979,16485110
411080,샌즈랩,KOSDAQ,977,15267638
005870,휴니드,KOSPI,975,14116015
003310,대주산업,KOSDAQ,973,35392350
389140,포바이포,KOSDAQ,973,14269735
066790,씨씨에스,KOSDAQ,973,65152039
088390,이녹스,KOSDAQ,972,9385844
101670,하이드로리튬,KOSDAQ,971,56777187
273640,와이엠텍,KOSDAQ,970,10966000
081180,쎄크,KOSDAQ,969,8825535
053260,금강철강,KOSDAQ,968,18720000
063160,종근당바이오,KOSPI,968,5485962
330350,위더스제약,KOSDAQ,968,13202139
054620,APS,KOSDAQ,968,18394221
002200,한국수출포장,KOSPI,967,38000000
185490,아이진,KOSDAQ,966,43229784
068240,다원시스,KOSDAQ,966,38163437
010660,화천기계,KOSPI,965,22000000
451220,아이엠티,KOSDAQ,964,7874611
205500,넥써쓰,KOSDAQ,962,64112099
005740,크라운해태홀딩스,KOSPI,962,14847347
489460,바이오비쥬,KOSDAQ,961,15044430
095720,웅진씽크빅,KOSPI,960,56827085
008700,아남전자,KOSPI,959,77124820
382480,지아이텍,KOSDAQ,958,39357140
173130,오파스넷,KOSDAQ,956,13046473
035610,솔본,KOSDAQ,956,27345997
175140,휴먼테크놀로지,KOSDAQ,955,24944253
007110,일신석재,KOSPI,954,77456610
120240,대정화금,KOSDAQ,953,7190391
001275,부국증권우,KOSPI,952,3000000
294630,서남,KOSDAQ,952,26366319
030960,양지사,KOSDAQ,949,15980000
460940,피앤에스로보틱스,KOSDAQ,947,13455280
432470,케이엔에스,KOSDAQ,946,8771556
163560,동일고무벨트,KOSPI,945,13900000
950190,고스트스튜디오,KOSDAQ,945,13017059
043610,KT지니뮤직,KOSDAQ,944,58115438
002210,동성제약,KOSPI,940,96619507
048530,인트론바이오,KOSDAQ,939,30891758
208370,셀바스헬스케어,KOSDAQ,938,25740564
024740,한일단조,KOSDAQ,938,32897049
317830,에스피시스템스,KOSDAQ,936,10773818
37550L,DL이앤씨2우(전환),KOSPI,936,2111951
303810,동국생명과학,KOSDAQ,936,31984140
058860,KTis,KOSPI,934,34802000
299660,셀리드,KOSDAQ,934,29502977
362320,청담글로벌,KOSDAQ,933,21151290
093920,서원인텍,KOSDAQ,930,18600000
377480,마음AI,KOSDAQ,929,7110275
370090,퓨런티어,KOSDAQ,929,8556830
348350,위드텍,KOSDAQ,928,9978600
011370,서한,KOSDAQ,924,100894865
002700,신일전자,KOSPI,924,70047521
014440,영보화학,KOSPI,922,20000000
040910,아이씨디,KOSDAQ,921,18174275
072020,중앙백신,KOSDAQ,921,9458687
448710,코츠테크놀로지,KOSDAQ,921,5285292
000230,일동홀딩스,KOSPI,921,11540400
066590,스모트로닉,KOSDAQ,919,38677937
261780,차백신연구소,KOSDAQ,918,26912996
006660,삼성공조,KOSPI,912,8126314
010280,아이티센엔텍,KOSDAQ,912,13024757
007460,에이프로젠,KOSPI,911,21953668
290660,다이나믹솔루션,KOSDAQ,906,84549017
058630,엠게임,KOSDAQ,905,19202574
006140,피제이전자,KOSDAQ,905,14865000
277880,티에스아이,KOSDAQ,904,19843212
251630,브이원텍,KOSDAQ,902,15942886
0015N0,아로마티카,KOSDAQ,901,12715050
041910,폴라리스AI파마,KOSDAQ,901,13283350
014970,삼륭물산,KOSDAQ,898,14825000
040420,정상제이엘에스,KOSDAQ,898,15677552
094940,푸른기술,KOSDAQ,898,8361386
463020,뉴엔AI,KOSDAQ,897,8879200
004840,DRB동일,KOSPI,896,19272364
067170,오텍,KOSDAQ,896,24994848
006890,태경케미컬,KOSPI,896,11600000
003580,HLB글로벌,KOSPI,894,50663505
026150,특수건설,KOSDAQ,893,17546331
082850,우리바이오,KOSDAQ,893,48456578
203690,아크솔루션스,KOSDAQ,892,20157320
302430,이노메트리,KOSDAQ,891,9833208
418470,KT밀리의서재,KOSDAQ,891,8565789
007820,엠엑스로보틱스,KOSDAQ,891,20033946
023000,삼원강재,KOSPI,890,39739956
054670,대한뉴팜,KOSDAQ,890,14354920
091440,한울소재과학,KOSDAQ,890,32471041
067290,JW신약,KOSDAQ,889,56037103
017370,우신시스템,KOSPI,887,18314054
347890,엠엑스온,KOSDAQ,885,16963204
031820,아이티센씨티에스,KOSPI,884,12105146
081150,티플랙스,KOSDAQ,883,24268402
004890,동일산업,KOSPI,879,2425215
419050,삼기에너지솔루션즈,KOSDAQ,879,57196240
265560,영화테크,KOSDAQ,878,10690180
000590,CS홀딩스,KOSPI,877,1154482
024830,세원물산,KOSDAQ,877,8350000
061040,알에프텍,KOSDAQ,876,45241115
048770,TPC로보틱스,KOSDAQ,876,15697991
191420,테고사이언스,KOSDAQ,876,8108834
019540,일지테크,KOSDAQ,874,13513500
058400,KNN,KOSDAQ,874,132429720
025550,한국선재,KOSDAQ,874,25514004
060590,씨티씨바이오,KOSDAQ,873,24181020
004650,창해에탄올,KOSDAQ,872,9190885
439580,블루엠텍,KOSDAQ,870,33846547
002600,조흥,KOSPI,869,600000
227950,엔투텍,KOSDAQ,868,172541047
085310,엔케이,KOSPI,867,74180743
038460,바이오스마트,KOSDAQ,867,25274542
007980,TP,KOSPI,866,46897350
217190,제너셈,KOSDAQ,866,13153761
079980,휴비스,KOSPI,864,34500000
137950,제이씨케미칼,KOSDAQ,862,22267814
413390,엠오티,KOSDAQ,860,11580180
055490,테이팩스,KOSPI,859,4769650
065440,이루온,KOSDAQ,859,27275020
131400,이브이첨단소재,KOSDAQ,859,59591882
234300,에스트래픽,KOSDAQ,857,27207780
054040,한국컴퓨터,KOSDAQ,855,16071290
388870,파로스아이바이오,KOSDAQ,854,12945932
201490,미투온,KOSDAQ,852,32593810
011150,CJ씨푸드,KOSPI,852,35930773
452200,민테크,KOSDAQ,851,24232800
012700,리드코프,KOSDAQ,849,26194852
215790,이노인스트루먼트,KOSDAQ,848,40283149
170030,현대공업,KOSDAQ,847,15340000
096775,SK이노베이션우,KOSPI,846,1248426
105740,디케이락,KOSDAQ,846,10168513
096350,대창솔루션,KOSDAQ,846,36854762
302550,리메드,KOSDAQ,845,30907150
307870,비투엔,KOSDAQ,843,74299285
067370,선바이오,KOSDAQ,841,12193555
036090,위지트,KOSDAQ,841,118392284
002720,국제약품,KOSPI,840,21159832
950220,네오이뮨텍,KOSDAQ,840,167639400
049180,셀루메드,KOSDAQ,840,83226192
039010,현대에이치티,KOSDAQ,839,8625000
067570,엔브이에이치코리아,KOSDAQ,838,42170000
183490,엔지켐생명과학,KOSDAQ,838,84640235
005750,대림바스,KOSPI,838,16592240
171120,라이온켐텍,KOSDAQ,837,35901760
010960,삼호개발,KOSPI,836,24120000
044340,위닉스,KOSDAQ,836,17873425
124560,태웅로직스,KOSDAQ,832,38720811
238090,앤디포스,KOSDAQ,832,30490440
084730,팅크웨어,KOSDAQ,831,11109424
065530,와이어블,KOSDAQ,830,47838759
263600,덕우전자,KOSDAQ,828,15930310
338100,NH프라임리츠,KOSPI,828,18660000
000180,성창기업지주,KOSPI,827,13950320
348150,고바이오랩,KOSDAQ,826,19418889
299170,더블유에스아이,KOSDAQ,825,41511288
065510,휴비츠,KOSDAQ,824,11485863
111380,동인기연,KOSPI,822,6128000
463480,모티브링크,KOSDAQ,821,12390358
130580,나이스디앤비,KOSDAQ,821,15400000
009180,한솔로지스틱스,KOSPI,821,28155825
110790,크리스에프앤씨,KOSDAQ,820,23430960
033230,인성정보,KOSDAQ,818,50515380
083790,CG인바이츠,KOSDAQ,817,76894182
000105,유한양행우,KOSPI,816,1180940
475430,키스트론,KOSDAQ,816,17848110
017650,대림제지,KOSDAQ,815,8785000
175250,아이큐어,KOSDAQ,815,37558368
412540,제일엠앤에스,KOSDAQ,811,20600665
168330,내츄럴엔도텍,KOSDAQ,810,31754900
443250,레뷰코퍼레이션,KOSDAQ,810,11137760
056360,코위버,KOSDAQ,809,9796800
013870,지엠비코리아,KOSPI,808,19072280
007590,동방아그로,KOSPI,808,13617577
037760,쎄니트,KOSDAQ,807,33832921
241690,유니테크노,KOSDAQ,806,24470706
020710,시공테크,KOSDAQ,806,20047970
036640,HRS,KOSDAQ,805,16354800
453860,에이에스텍,KOSDAQ,805,6444423
315640,딥노이드,KOSDAQ,805,29372232
391710,코닉오토메이션,KOSDAQ,803,42620470
049480,오픈베이스,KOSDAQ,798,31422383
002800,신신제약,KOSDAQ,798,15170500
001470,삼부토건,KOSPI,797,229681824
222160,NPX,KOSDAQ,796,9894439
100220,비상교육,KOSPI,795,12996741
140070,서플러스글로벌,KOSDAQ,795,36988000
004720,팜젠사이언스,KOSPI,795,21954502
013360,일성건설,KOSPI,795,54024880
039610,화성밸브,KOSDAQ,793,10410400
451250,삐아,KOSDAQ,793,10225877
478560,블랙야크아이앤씨,KOSDAQ,792,25830298
001260,남광토건,KOSPI,790,9832572
013700,까뮤이앤씨,KOSPI,789,59750830
048430,유라테크,KOSDAQ,787,11520000
123010,알엔티엑스,KOSDAQ,787,33622267
217500,러셀,KOSDAQ,784,31812000
038680,에스넷,KOSDAQ,784,19912642
147760,피엠티,KOSDAQ,779,10819866
095270,웨이브일렉트로,KOSDAQ,779,14372406
080010,이상네트웍스,KOSDAQ,779,9835071
208140,정다운,KOSDAQ,778,32684246
011320,유니크,KOSDAQ,778,19320695
311690,CJ 바이오사이언스,KOSDAQ,777,13065462
018500,동원금속,KOSPI,777,46754933
088280,쏘닉스,KOSDAQ,777,17306490
006090,사조오양,KOSPI,775,9422739
128660,피제이메탈,KOSDAQ,775,24803369
216050,인크로스,KOSDAQ,774,12843222
340360,다보링크,KOSDAQ,774,52062772
053280,예스24,KOSDAQ,772,25000000
192250,케이사인,KOSDAQ,772,7067125
092300,현우산업,KOSDAQ,767,19049936
032850,비트컴퓨터,KOSDAQ,766,16623293
347000,센코,KOSDAQ,766,37810846
001560,제일연마,KOSPI,765,7600000
461030,아이엠비디엑스,KOSDAQ,763,14334517
382150,온코크로스,KOSDAQ,762,12195957
155650,와이엠씨,KOSDAQ,762,18974358
069730,DSR제강,KOSPI,760,14400000
215360,우리산업,KOSDAQ,760,9132163
111710,남화산업,KOSDAQ,760,20588000
347860,알체라,KOSDAQ,759,41300953
004440,삼일씨엔에스,KOSPI,754,12731947
060560,HC홈센타,KOSDAQ,753,25388001
222110,팬젠,KOSDAQ,751,13514509
048910,대원미디어,KOSDAQ,750,12578946
109070,주성코퍼레이션,KOSPI,749,52810230
320000,한울반도체,KOSDAQ,749,6668810
459100,위츠,KOSDAQ,746,13466100
017480,삼현철강,KOSDAQ,745,15702890
000850,화천기공,KOSPI,745,2200000
234100,폴라리스세원,KOSDAQ,745,73008183
033320,제이씨현시스템,KOSDAQ,745,19114432
187420,HLB제넥스,KOSDAQ,742,32554286
145170,노브랜드,KOSDAQ,741,16908405
046940,우원개발,KOSDAQ,737,18074350
35320K,대덕전자1우,KOSPI,737,2095519
134580,탑코미디어,KOSDAQ,736,49294149
007280,한국특강,KOSPI,736,30406655
014950,삼익제약,KOSDAQ,736,10007588
071670,에이테크솔루션,KOSDAQ,735,10000000
291650,압타머사이언스,KOSDAQ,735,61039242
060310,3S,KOSDAQ,734,53059040
102370,케이옥션,KOSDAQ,734,27229210
032540,TJ미디어,KOSDAQ,733,20897413
095910,에스에너지,KOSDAQ,733,37296909
232830,아이티센피엔에스,KOSDAQ,732,16533726
126880,제이엔케이글로벌,KOSDAQ,732,23204903
016090,대현,KOSPI,730,44282310
263800,데이타솔루션,KOSDAQ,730,16225380
071090,하이스틸,KOSPI,729,20191471
046210,HLB파나진,KOSDAQ,729,45527960
010040,한국내화,KOSPI,728,41067062
012690,모나리자,KOSPI,726,36571255
068290,삼성출판사,KOSPI,725,10000000
061250,화일약품,KOSDAQ,725,8417584
045660,에이텍,KOSDAQ,724,8260000
014470,부방,KOSDAQ,724,60052260
037440,희림,KOSDAQ,724,13922475
143540,영우디에스피,KOSDAQ,723,44599895
417790,트루엔,KOSDAQ,723,10468391
373200,엑스플러스,KOSDAQ,723,112480583
241790,티이엠씨씨엔에스,KOSDAQ,723,10002634
019990,에너토크,KOSDAQ,723,9756088
900260,로스웰,KOSDAQ,723,46029706
027830,대성창투,KOSDAQ,723,54000000
003010,혜인,KOSPI,722,12712747
006880,신송홀딩스,KOSPI,720,11828858
204840,지엘팜텍,KOSDAQ,720,77549006
042110,에스씨디,KOSDAQ,720,48329564
153710,옵티팜,KOSDAQ,720,14669958
043710,코스리거글로벌,KOSDAQ,719,17312502
234920,자이글,KOSDAQ,718,13530910
360350,코셈,KOSDAQ,718,5737970
123420,위메이드플레이,KOSDAQ,717,10552334
900250,크리스탈신소재,KOSDAQ,716,143260004
009200,무림페이퍼,KOSPI,715,41609310
180060,탑선,KONEX,711,9347666
305090,마이크로디지탈,KOSDAQ,710,18595055
053450,세코닉스,KOSDAQ,710,14792803
003925,남양유업우,KOSPI,709,2000000
009770,삼정펄프,KOSPI,706,2499971
333620,엔시스,KOSDAQ,706,10997910
099220,SDN,KOSDAQ,705,64944350
120115,코오롱인더우,KOSPI,702,2767860
250030,진코스텍,KONEX,698,2891933
452400,이닉스,KOSDAQ,698,9071428
089850,유비벨록스,KOSDAQ,697,14730199
033130,디지틀조선,KOSDAQ,696,37115267
073640,테라사이언스,KOSDAQ,696,106378770
016250,SGC E&C,KOSDAQ,696,5036986
109080,옵티시스,KOSDAQ,694,5636000
207760,미스터블루,KOSDAQ,694,83079783
043650,국순당,KOSDAQ,693,17858304
214330,금호에이치티,KOSPI,688,21804651
444530,심플랫폼,KOSDAQ,687,6418644
104620,노랑풍선,KOSDAQ,687,16810552
040350,크레오에스지,KOSDAQ,686,19520532
214260,라파스,KOSDAQ,686,8922463
003780,진양산업,KOSPI,684,13000000
002795,아모레퍼시픽홀딩스우,KOSPI,683,6381172
014910,성문전자,KOSPI,683,21857257
104040,디에스엠,KOSDAQ,682,26813565
155660,DSR,KOSPI,682,16000000
012790,신일제약,KOSDAQ,682,11986415
004540,깨끗한나라,KOSPI,682,37240693
424980,마이크로투나노,KOSDAQ,679,5918890
041460,한국전자인증,KOSDAQ,679,19000000
456570,아이엠지티,KONEX,679,5264804
094850,참좋은여행,KOSDAQ,678,14000000
163280,에어레인,KOSDAQ,677,13603078
111110,호전실업,KOSPI,675,9376000
332370,아이디피,KOSDAQ,674,13273726
278650,HLB바이오스텝,KOSDAQ,674,17432396
101140,인바이오젠,KOSPI,673,10044216
036000,예림당,KOSDAQ,671,23034277
408900,스튜디오미르,KOSDAQ,670,32752929
049550,잉크테크,KOSDAQ,670,19606277
189330,씨이랩,KOSDAQ,669,9382284
027050,코리아나,KOSDAQ,669,40000000
039240,경남스틸,KOSDAQ,666,26979604
290670,대보마그네틱,KOSDAQ,666,7857660
053050,지에스이,KOSDAQ,666,29987597
317690,퀀타매트릭스,KOSDAQ,665,20135029
348080,큐라티스,KOSDAQ,665,115449781
021050,서원,KOSPI,662,47474590
378850,화승알앤에이,KOSPI,661,18993623
039420,케이엘넷,KOSDAQ,661,22946994
214270,FSN,KOSDAQ,661,45254585
024910,경창산업,KOSDAQ,661,35819005
065130,탑엔지니어링,KOSDAQ,660,16004000
004060,SG세계물산,KOSPI,660,20242496
109860,동일금속,KOSDAQ,660,9100000
006980,우성,KOSPI,659,3090000
189860,서전기전,KOSDAQ,658,9698780
352910,오비고,KOSDAQ,657,12637802
005670,푸드웰,KOSDAQ,657,10000000
000220,유유제약,KOSPI,657,17032351
446840,지슨,KOSDAQ,656,55083083
122310,제노레이,KOSDAQ,656,14553844
067920,이글루,KOSDAQ,654,10996119
010470,오리콤,KOSDAQ,654,11975050
479960,위너스일렉,KOSDAQ,654,6851000
136410,아셈스,KOSDAQ,652,11019106
010240,흥국,KOSDAQ,652,11706000
054300,팬스타엔터프라이즈,KOSDAQ,652,57870945
159580,제로투세븐,KOSDAQ,650,20032636
162300,신스틸,KOSDAQ,649,41471382
060570,드림어스컴퍼니,KOSDAQ,645,74101573
129260,인터지스,KOSPI,643,29747874
038060,루멘스,KOSDAQ,642,48103069
001550,조비,KOSPI,641,5192239
480370,씨케이솔루션,KOSPI,641,32481408
039020,이건홀딩스,KOSDAQ,640,22584709
021880,메이슨캐피탈,KOSDAQ,639,212184408
092780,DYP,KOSPI,639,13168460
047400,유니온머티리얼,KOSPI,638,42000000
054930,유신,KOSDAQ,636,3000000
036120,서울평가정보,KOSDAQ,636,35145000
420570,제이투케이바이오,KOSDAQ,635,5847483
219550,디와이디,KOSDAQ,633,38672257
036670,삼양케이씨아이,KOSDAQ,632,11270000
000725,현대건설우,KOSPI,632,1054693
033310,엠투엔,KOSDAQ,631,39972456
347740,피엔케이피부임상연구센타,KOSDAQ,630,30010576
198080,캐프,KOSDAQ,630,21535185
064240,홈캐스트,KOSDAQ,628,34694251
396690,미래에셋글로벌리츠,KOSPI,627,39605940
007370,진양제약,KOSDAQ,627,14134587
001465,BYC우,KOSPI,627,2153850
001840,이화공영,KOSDAQ,626,28256809
040610,SG&G,KOSDAQ,625,17043598
004410,서울식품,KOSPI,623,394550136
294090,이오플로우,KOSDAQ,623,41809105
126640,화신정공,KOSDAQ,622,35055910
010770,평화홀딩스,KOSPI,622,14625466
373160,데이원컴퍼니,KOSDAQ,621,13807469
246960,SCL사이언스,KOSDAQ,621,34017047
198440,강동씨앤엘,KOSDAQ,621,60931896
100030,인지소프트,KOSDAQ,618,3283714
378800,샤페론,KOSDAQ,618,46243031
222420,쎄노텍,KOSDAQ,616,48418523
296160,프로젠,KONEX,615,15375079
372910,한컴라이프케어,KOSPI,614,27674406
104540,코렌텍,KOSDAQ,614,12785740
072470,우리산업홀딩스,KOSDAQ,614,18887341
092440,기신정기,KOSPI,613,29200000
260930,씨티케이,KOSDAQ,613,19341591
024900,디와이덕양,KOSPI,613,32564980
004830,덕성,KOSPI,612,15680000
460470,아이빔테크놀로지,KOSDAQ,612,15119370
064800,포니링크,KOSDAQ,611,25561459
053620,태양,KOSDAQ,611,8600000
023810,인팩,KOSPI,610,10000000
0013V0,삼진식품,KOSDAQ,609,9918656
127980,화인써키트,KOSDAQ,607,11840684
317530,에피소드컴퍼니,KOSDAQ,605,17494882
033170,시그네틱스,KOSDAQ,605,85728319
294140,레몬,KOSDAQ,604,22414818
004780,대륙제관,KOSDAQ,603,15903199
072130,유엔젤,KOSPI,602,12695454
002760,보락,KOSPI,601,59900000
263690,디알젬,KOSDAQ,601,11325610
460870,에스엠씨지,KOSDAQ,601,20073304
053350,이니텍,KOSDAQ,601,22021065
099410,동방선기,KOSDAQ,601,14000000
199550,레이저옵텍,KOSDAQ,600,14845791
457370,한켐,KOSDAQ,599,8062134
009835,한화솔루션우,KOSPI,599,2575349
008370,원풍,KOSDAQ,598,12000000
114450,그린생명과학,KOSDAQ,598,20000000
037230,한국팩키지,KOSDAQ,597,29800327
317850,대모,KOSDAQ,597,8324420
331380,포커스에이아이,KOSDAQ,596,32411489
246690,TS인베스트먼트,KOSDAQ,596,47438344
435570,에르코스,KOSDAQ,596,7616983
288620,에스프리즘,KOSDAQ,595,6979316
177900,쓰리에이로직스,KOSDAQ,595,9627600
184230,SGA솔루션즈,KOSDAQ,595,18887979
000910,유니온,KOSPI,595,15611619
004770,써니전자,KOSPI,593,35507438
015710,코콤,KOSDAQ,593,17530500
011390,부산산업,KOSPI,592,1056000
072990,에이치시티,KOSDAQ,589,14498206
303360,프로티아,KOSDAQ,589,12879715
004450,삼화왕관,KOSPI,589,2154379
458350,에스팀,KOSDAQ,588,8683200
088910,동우팜투테이블,KOSDAQ,588,25831764
072770,멤레이비티,KOSDAQ,587,83024196
005305,롯데칠성우,KOSPI,587,775310
384470,코어라인소프트,KOSDAQ,587,17946692
052220,iMBC,KOSDAQ,585,23000000
053270,구영테크,KOSDAQ,584,27410405
001620,케이비아이동국실업,KOSPI,583,22258606
089790,제이티,KOSDAQ,583,10315513
229000,젠큐릭스,KOSDAQ,582,23428165
099520,DGI,KOSDAQ,581,45281824
002140,고려산업,KOSPI,581,24939425
137080,나래나노텍,KOSDAQ,581,11059422
065170,비엘팜텍,KOSDAQ,581,27913793
063440,SM Life Design,KOSDAQ,580,45319364
273060,와이즈버즈,KOSDAQ,579,50459582
299900,위지윅스튜디오,KOSDAQ,578,171048884
465480,인스피언,KOSDAQ,578,10137772
045340,토탈소프트,KOSDAQ,577,8558040
196300,HLB펩,KOSDAQ,577,9376439
170790,파이오링크,KOSDAQ,576,6397335
065500,오리엔트정공,KOSDAQ,576,33242912
261520,이지스,KOSDAQ,576,10277800
058730,다스코,KOSPI,576,19948221
245620,EDGC,KOSDAQ,575,138493951
950200,소마젠,KOSDAQ,574,19236053
037330,인지디스플레,KOSDAQ,574,43885224
094970,제이엠티,KOSDAQ,574,16748240
082210,옵트론텍,KOSDAQ,573,34963330
002630,오리엔트바이오,KOSPI,573,118583005
050960,수산아이앤티,KOSDAQ,572,6751000
104200,NHN벅스,KOSDAQ,567,14827550
075180,새론오토모티브,KOSPI,566,19200000
007815,코리아써우,KOSPI,566,2964690
003465,유화증권우,KOSPI,565,17476425
351330,이삭엔지니어링,KOSDAQ,565,8288520
006490,인스코비,KOSPI,563,145886117
123700,SJM,KOSPI,562,15604898
196450,코아시아씨엠,KOSDAQ,561,45319582
393210,토마토시스템,KOSDAQ,558,15614544
226330,신테카바이오,KOSDAQ,558,24258475
189980,흥국에프엔비,KOSDAQ,558,40137827
038010,제일테크노스,KOSDAQ,556,9000000
340930,유일에너테크,KOSDAQ,555,68875785
006370,대구백화점,KOSPI,554,10821611
068330,일신바이오,KOSDAQ,554,44216140
317870,엔바이오니아,KOSDAQ,554,8841895
105760,포스뱅크,KOSDAQ,552,10177387
033560,블루콤,KOSDAQ,551,17100000
009190,대양금속,KOSPI,551,43192625
261200,덴티스,KOSDAQ,550,15809700
217480,에스디생명공학,KOSDAQ,548,109733141
376930,노을,KOSDAQ,546,51291323
033830,티비씨,KOSDAQ,545,100000000
318160,셀바이오휴먼텍,KOSDAQ,545,9341201
450330,하스,KOSDAQ,544,8186843
223310,사토시홀딩스,KOSDAQ,544,5204642
003475,유안타증권우,KOSPI,544,12912212
042940,상지건설,KOSDAQ,544,6828712
023350,한국종합기술,KOSPI,543,10950000
053980,오상자이엘,KOSDAQ,542,18982783
309930,조이웍스앤코,KOSDAQ,541,24487048
173940,에프엔씨엔터,KOSDAQ,541,15392808
004920,씨아이테크,KOSPI,541,52179872
041650,상신브레이크,KOSPI,540,21471450
017180,명문제약,KOSPI,540,33953454
025530,SJM홀딩스,KOSPI,538,14934008
471820,셀로맥스사이언스,KOSDAQ,538,11302879
321820,아티스트컴퍼니,KOSDAQ,536,15591376
038070,서린바이오,KOSDAQ,536,9300676
440290,HB인베스트먼트,KOSDAQ,536,27506430
277070,린드먼아시아,KOSDAQ,535,13692000
369370,블리츠웨이엔터테인먼트,KOSDAQ,535,49871911
238120,얼라인드,KOSDAQ,534,14378896
007680,대원,KOSDAQ,532,13446474
073110,엘엠에스,KOSDAQ,532,8895755
413640,비아이매트릭스,KOSDAQ,532,7206940
002410,범양건영,KOSPI,532,27479820
014190,원익큐브,KOSDAQ,531,35399906
070300,엑스큐어,KOSDAQ,529,23307078
218150,미래생명자원,KOSDAQ,527,20415802
219420,링크제니시스,KOSDAQ,526,11469507
078590,휴림에이텍,KOSDAQ,525,99918197
256630,포인트엔지니어링,KOSDAQ,524,11599414
024950,삼천리자전거,KOSDAQ,523,12400000
150900,파수AI,KOSDAQ,523,11703922
016600,큐캐피탈,KOSDAQ,522,178247112
051390,YW,KOSDAQ,520,11355368
127710,아시아경제,KOSDAQ,518,44049210
066670,디티씨,KOSDAQ,518,18691918
357250,미래에셋맵스리츠,KOSPI,517,24995105
090410,덕신이피씨,KOSDAQ,517,46084095
096610,알에프세미,KOSDAQ,516,17386411
037950,엘컴텍,KOSDAQ,515,16889503
052790,액토즈소프트,KOSDAQ,515,10924547
189690,포시에스,KOSDAQ,513,27321969
105550,엣지파운드리,KOSDAQ,513,78307051
090080,평화산업,KOSPI,513,54902259
37550K,DL이앤씨우,KOSPI,513,2113885
004910,조광페인트,KOSPI,512,12800000
020760,일진디스플,KOSPI,510,56523761
171010,램테크놀러지,KOSDAQ,508,14298752
060850,영림원소프트랩,KOSDAQ,508,8131000
361570,알비더블유,KOSDAQ,508,28743291
093240,형지엘리트,KOSPI,507,61390259
466410,사이냅소프트,KOSDAQ,506,5037023
153460,네이블,KOSDAQ,506,6530014
289220,자이언트스텝,KOSDAQ,505,22312221
097870,효성오앤비,KOSDAQ,505,8490000
419080,엔젯,KOSDAQ,504,10685137
393970,대진첨단소재,KOSDAQ,504,17850820
419120,산돌,KOSDAQ,503,14718362
314140,알피바이오,KOSDAQ,502,8666361
406820,뷰티스킨,KOSDAQ,499,14136157
035460,기산텔레콤,KOSDAQ,496,14920340
179530,애드바이오텍,KOSDAQ,496,19679630
190650,코리아에셋투자증권,KOSDAQ,494,6388000
451700,엔에이치스팩29호,KOSDAQ,494,14350000
0010V0,제이피아이헬스케어,KOSDAQ,492,5105400
066130,하츠,KOSDAQ,492,12800000
011330,유니켐,KOSPI,492,90187837
097800,윈팩,KOSDAQ,491,27290045
459550,알트,KOSDAQ,490,25067769
006125,SK디스커버리우,KOSPI,489,1231705
100660,서암기계공업,KOSDAQ,488,12600000
297570,알로이스,KOSDAQ,487,34621218
012280,영화금속,KOSPI,486,51664505
237820,플레이디,KOSDAQ,486,12827140
28513K,SK케미칼우,KOSPI,485,2115429
307280,원바이오젠,KOSDAQ,485,7094627
239890,피엔에이치테크,KOSDAQ,484,9935755
051490,나라엠앤디,KOSDAQ,484,14200000
257990,나우코스,KONEX,483,5891392
352700,씨앤투스,KOSDAQ,483,26276899
106240,파인테크닉스,KOSDAQ,483,22868327
009320,아진전자부품,KOSPI,482,49299770
260660,알리코제약,KOSDAQ,482,15327021
089150,케이씨티,KOSDAQ,482,17150000
215090,솔디펜스,KOSDAQ,482,23155661
206560,덱스터,KOSDAQ,481,25411736
027740,마니커,KOSPI,480,31755614
452300,캡스톤파트너스,KOSDAQ,480,14169505
003080,SB성보,KOSPI,479,20020000
365590,하이딥,KOSDAQ,478,30956622
082660,코스나인,KOSDAQ,478,99640869
407400,꿈비,KOSDAQ,476,14634534
418250,시큐레터,KOSDAQ,476,7271605
263020,디케이앤디,KOSDAQ,476,13836146
057540,옴니시스템,KOSDAQ,474,59394268
056700,신화인터텍,KOSDAQ,473,29135091
376290,씨유테크,KOSDAQ,473,17657500
311390,네오크레마,KOSDAQ,473,12653789
081580,성우전자,KOSDAQ,471,15508143
001210,금호전기,KOSPI,470,61880083
023440,제이스코홀딩스,KOSDAQ,470,90142761
007530,와이엠,KOSDAQ,470,22254231
069410,엔텔스,KOSDAQ,468,10244824
050110,캠시스,KOSDAQ,468,29224823
250000,보라티알,KOSDAQ,468,6750733
364950,에이아이코리아,KOSDAQ,467,8296445
086040,바이오톡스텍,KOSDAQ,467,15958247
008420,문배철강,KOSPI,466,20503505
002920,유성기업,KOSPI,464,25947500
215380,우정바이오,KOSDAQ,464,16829576
069460,대호에이엘,KOSPI,463,87071952
000950,전방,KOSPI,463,1680000
000890,보해양조,KOSPI,463,27624025
044960,이글벳,KOSDAQ,463,12641883
053160,프리엠스,KOSDAQ,463,6000000
122350,삼기,KOSDAQ,462,38339428
065650,하이퍼코퍼레이션,KOSDAQ,462,21891975
002290,삼일기업공사,KOSDAQ,459,12400000
043910,자연과환경,KOSDAQ,459,11339145
032790,엠젠솔루션,KOSDAQ,456,51360212
031310,아이즈비전,KOSDAQ,455,29746651
066910,손오공,KOSDAQ,455,66933164
011420,갤럭시아에스엠,KOSPI,455,27549644
103840,우양,KOSDAQ,454,16366428
026940,부국철강,KOSPI,453,20000000
452160,제이엔비,KOSDAQ,453,9617527
004870,티웨이홀딩스,KOSPI,453,113163494
122690,서진오토모티브,KOSDAQ,452,23079166
432430,와이랩,KOSDAQ,452,16508320
263770,유에스티,KOSDAQ,452,23700172
023960,에쓰씨엔지니어링,KOSPI,451,38035975
005030,부산주공,KOSPI,451,92782988
131760,파인텍,KOSDAQ,450,43431583
286750,나노실리칸첨단소재,KOSDAQ,449,32028857
074610,이엔플러스,KOSPI,448,8770137
025880,케이씨피드,KOSDAQ,448,16715858
133820,화인베스틸,KOSPI,447,37114502
429270,시지트로닉스,KOSDAQ,446,6449231
049470,비트플래닛,KOSDAQ,445,23544899
088340,유라클,KOSDAQ,443,4364368
178780,일월지엠엘,KOSDAQ,443,18639195
335810,프리시젼바이오,KOSDAQ,442,21949506
476080,M83,KOSDAQ,442,8077000
288330,파라택시스코리아,KOSDAQ,441,106080948
219750,한국비티비,KOSDAQ,441,65426885
064480,브리지텍,KOSDAQ,439,11952500
049800,우진플라임,KOSPI,439,20000000
129890,앱코,KOSDAQ,438,45545602
430690,한싹,KOSDAQ,438,10895327
340440,세림B&G,KOSDAQ,438,28378364
052460,아이크래프트,KOSDAQ,438,14607936
008870,금비,KOSPI,438,1000000
200580,메디쎄이,KONEX,437,3726079
186230,그린플러스,KOSDAQ,437,10920188
221840,하이즈항공,KOSDAQ,437,18700561
049830,승일,KOSDAQ,437,6132112
464280,티디에스팜,KOSDAQ,436,5530000
332290,누보,KOSDAQ,436,39904404
263810,상신전자,KOSDAQ,435,15924825
096630,에스코넥,KOSDAQ,434,15876323
119500,포메탈,KOSDAQ,434,11847232
109820,진매트릭스,KOSDAQ,433,20393640
026040,제이에스티나,KOSDAQ,433,16503790
128540,에코캡,KOSDAQ,433,26690460
256150,한독크린텍,KOSDAQ,433,8395000
263700,케어랩스,KOSDAQ,432,19414200
403490,우듬지팜,KOSDAQ,432,45932464
434480,모니터랩,KOSDAQ,431,12310300
475460,미트박스,KOSDAQ,431,5613025
258790,소프트캠프,KOSDAQ,429,24991284
083550,케이엠,KOSDAQ,429,13556165
464500,아이언디바이스,KOSDAQ,428,13993263
044480,빌리언스,KOSDAQ,428,33250916
033540,파라텍,KOSDAQ,428,52246331
046390,삼화네트웍스,KOSDAQ,428,43172933
290090,트윔,KOSDAQ,428,7440268
200780,비씨월드제약,KOSDAQ,428,10665661
481850,신한글로벌액티브리츠,KOSPI,427,43477664
020180,대신정보통신,KOSDAQ,427,38428915
079000,와토스코리아,KOSDAQ,426,7200000
091590,남화토건,KOSDAQ,426,11740000
000760,이화산업,KOSPI,426,2800000
019770,서연탑메탈,KOSDAQ,425,11650000
0010F0,보원케미칼,KOSDAQ,425,11143601
014990,인디에프,KOSPI,424,75112995
087600,픽셀플러스,KOSDAQ,423,8166558
053950,경남제약,KOSDAQ,423,15629471
204020,그리티,KOSDAQ,422,19450832
046310,백금T&A,KOSDAQ,422,16418641
101240,씨큐브,KOSDAQ,421,11357052
140520,대창스틸,KOSDAQ,421,21109243
050860,아세아텍,KOSDAQ,421,22500000
084870,TBH글로벌,KOSPI,420,20856819
199480,뱅크웨어글로벌,KOSDAQ,419,10196588
306040,에스제이그룹,KOSDAQ,417,9865828
160550,NEW,KOSDAQ,416,27906106
351320,넥사다이내믹스,KOSDAQ,416,29698642
003060,에이프로젠바이오로직스,KOSPI,416,13227189
066360,체리부로,KOSDAQ,416,47952015
224110,에이텍모빌리티,KOSDAQ,416,5080386
009140,경인전자,KOSPI,415,1570797
012160,영흥,KOSPI,415,101310372
123570,이엠넷,KOSDAQ,415,22276078
024120,KB오토시스,KOSDAQ,414,11500000
007120,미래아이앤지,KOSPI,414,28878608
355390,크라우드웍스,KOSDAQ,414,15874344
019490,엑시큐어하이트론,KOSPI,413,76432270
032960,동일기연,KOSDAQ,413,3518595
043340,에쎈테크,KOSDAQ,413,47500000
336060,웨이버스,KOSDAQ,411,48155200
066900,디에이피,KOSDAQ,409,22744503
220180,핸디소프트,KOSDAQ,408,23930842
013000,세우글로벌,KOSPI,408,28705031
290120,DH오토리드,KOSDAQ,407,15824249
014570,고려제약,KOSDAQ,406,11000000
310870,디와이씨,KOSDAQ,406,20687271
000215,DL우,KOSPI,405,1686115
258610,케일럼,KOSDAQ,404,36485063
440320,오픈놀,KOSDAQ,404,9830000
017040,광명전기,KOSPI,404,43337615
239610,에이치엘사이언스,KOSDAQ,404,5392115
001380,SG글로벌,KOSPI,403,22482071
221980,케이디켐,KOSDAQ,403,4034800
058110,멕아이씨에스,KOSDAQ,403,16050530
006920,모헨즈,KOSDAQ,402,10920000
059100,아이컴포넌트,KOSDAQ,402,7070860
140430,카티스,KOSDAQ,402,53447539
318410,비비씨,KOSDAQ,401,5555243
195500,마니커에프앤지,KOSDAQ,401,15978000
054780,키이스트,KOSDAQ,401,19657793
073570,리튬포어스,KOSDAQ,401,12037328
057030,YBM넷,KOSDAQ,400,16312697
005320,온타이드,KOSPI,400,34187845
363260,모비데이즈,KOSDAQ,399,32163769
450520,인스웨이브,KOSDAQ,398,14704578
376180,피코그램,KOSDAQ,398,18561038
002360,SH에너지화학,KOSPI,398,111133730
148250,알엔투테크놀로지,KOSDAQ,397,13610704
002880,디와이에이,KOSPI,397,46773995
064090,인크레더블버즈,KOSDAQ,397,49742745
153490,우리이앤엘하루틴,KOSDAQ,397,51480000
011230,삼화전자,KOSPI,397,19165785
203450,유니온바이오메트릭스,KOSDAQ,396,14079007
052600,한네트,KOSDAQ,396,11563700
051630,진양화학,KOSPI,395,21200000
032860,더라미,KOSDAQ,393,40395863
133750,메가엠디,KOSDAQ,393,23407077
145270,케이탑리츠,KOSPI,392,48060774
007720,소노스퀘어,KOSDAQ,392,100800450
254120,자비스,KOSDAQ,390,30754270
045060,오공,KOSDAQ,390,16941974
200350,아티스트스튜디오,KOSDAQ,389,9996025
002870,신풍,KOSPI,388,34958700
228340,동양파일,KOSDAQ,386,20000000
241840,에이스토리,KOSDAQ,386,9539994
080520,오디텍,KOSDAQ,386,11322417
300120,라온피플,KOSDAQ,385,49504016
340810,시선AI,KOSDAQ,383,13644976
308170,씨티알모빌리티,KOSPI,383,8610000
469750,아이비젼웍스,KOSDAQ,381,34456481
037370,EG,KOSDAQ,381,8624972
025750,한솔홈데코,KOSPI,381,16113029
388610,지에프씨생명과학,KOSDAQ,381,5303709
206400,베노티앤알,KOSDAQ,381,37510158
050120,ES큐브,KOSDAQ,380,13564086
134790,시디즈,KOSPI,379,2000000
022220,티케이지애강,KOSDAQ,379,51794579
038870,에코심플렉스,KOSDAQ,379,14014949
011300,우성머티리얼스,KOSPI,377,15856381
073540,에프알텍,KOSDAQ,377,11400000
064520,테크엘,KOSDAQ,377,22351062
208860,다산디엠씨,KOSDAQ,377,33949973
355690,에이텀,KOSDAQ,376,9404980
290520,신도기연,KOSDAQ,375,15929362
347770,핌스,KOSDAQ,375,22857042
363250,진시스템,KOSDAQ,374,8508382
024890,대원화성,KOSPI,374,41249152
356890,싸이버원,KOSDAQ,374,11953825
900340,윙입푸드,KOSDAQ,373,50330928
016670,디모아,KOSDAQ,373,10194234
277410,인산가,KOSDAQ,373,38411505
373170,엠아이큐브솔루션,KOSDAQ,372,15113790
351870,차이커뮤니케이션,KOSDAQ,371,11160642
270870,뉴트리,KOSDAQ,369,9200224
075970,동국알앤에스,KOSDAQ,369,18400000
387570,파인메딕스,KOSDAQ,368,5625900
060540,에스에이티,KOSDAQ,368,26133306
195990,에이비프로바이오,KOSDAQ,367,32575748
002420,세기상사,KOSPI,366,5969948
065950,웰크론,KOSDAQ,364,28231302
071850,캐스텍코리아,KOSDAQ,364,24260938
196490,디에이테크놀로지,KOSDAQ,362,5951645
068050,팬엔터테인먼트,KOSDAQ,362,27694076
006345,대원전선우,KOSPI,362,2621200
271830,팸텍,KOSDAQ,362,29490202
008250,이건산업,KOSPI,361,10952635
025440,DH오토웨어,KOSDAQ,360,48781224
284620,카이노스메드,KOSDAQ,360,33086953
003535,한화투자증권우,KOSPI,360,4800000
462510,라메디텍,KOSDAQ,359,8802965
169330,엠브레인,KOSDAQ,359,18316918
094860,네오리진,KOSDAQ,358,25110014
318020,포인트모바일,KOSDAQ,357,12301272
131100,티엔엔터테인먼트,KOSDAQ,357,32246724
068940,셀피글로벌,KOSDAQ,357,45912716
122830,원포유,KONEX,357,32751985
475660,에스켐,KOSDAQ,357,7929835
043200,파루,KOSDAQ,356,41804315
159910,에코글로우,KOSDAQ,355,10467097
006050,국영지앤엠,KOSDAQ,355,34895243
262840,아이퀘스트,KOSDAQ,353,10566952
359090,씨엔알리서치,KOSDAQ,353,57470717
263050,유틸렉스,KOSDAQ,353,36834856
114630,폴라리스우노,KOSDAQ,352,17235248
075130,플랜티넷,KOSDAQ,352,16622320
238490,힘스,KOSDAQ,350,11312236
33637K,솔루스첨단소재1우,KOSPI,349,16908766
187270,신화콘텍,KOSDAQ,349,10143845
033200,모아텍,KOSDAQ,349,9204529
296640,이노에이엑스,KOSDAQ,348,5178252
087260,모바일어플라이언스,KOSDAQ,348,32552861
039290,인포뱅크,KOSDAQ,348,8693978
243870,아이티센코어,KONEX,347,2892631
010640,진양폴리,KOSPI,346,16700000
004365,세방우,KOSPI,345,3689250
045300,성우테크론,KOSDAQ,343,10547012
019175,신풍제약우,KOSPI,343,1991230
039740,한국정보공학,KOSDAQ,343,8018397
177830,파버나인,KOSDAQ,342,13493951
257370,피엔티엠에스,KOSDAQ,342,12504861
019570,플루토스,KOSDAQ,342,88050042
080530,코디,KOSDAQ,341,11102175
200230,텔콘RF제약,KOSDAQ,341,71523533
225220,제놀루션,KOSDAQ,341,19190021
047080,한빛소프트,KOSDAQ,340,24822362
424760,벨로크,KOSDAQ,340,9889158
099390,브레인즈컴퍼니,KOSDAQ,339,8208283
012620,원일특강,KOSDAQ,338,4400000
109960,앱토크롬,KOSDAQ,338,220789269
005820,원림,KOSPI,338,2297970
342870,오아,KOSDAQ,337,5450197
001000,신라섬유,KOSDAQ,337,24277540
097780,에코볼트,KOSDAQ,337,50732723
063760,이엘피,KOSDAQ,337,9325130
130500,GH신소재,KOSDAQ,336,14545052
112190,KC산업,KONEX,336,27204889
002025,코오롱우,KOSPI,336,1160437
417860,오브젠,KOSDAQ,336,4696906
006740,블루산업개발,KOSPI,336,56975588
089140,넥스턴앤롤코리아,KOSDAQ,335,15316234
198940,한주라이트메탈,KOSDAQ,335,38922978
290270,휴네시온,KOSDAQ,335,9607672
446440,에피바이오텍,KONEX,334,2306879
263920,휴엠앤씨,KOSDAQ,334,9809026
021650,한국큐빅,KOSDAQ,334,16350563
086060,진바이오텍,KOSDAQ,334,8610587
027040,서울전자통신,KOSDAQ,334,69588847
900310,컬러레이,KOSDAQ,333,64041675
288980,모아데이타,KOSDAQ,333,36381379
038880,아이에이,KOSDAQ,333,37572117
353590,오토앤,KOSDAQ,332,12875570
013810,스페코,KOSDAQ,332,14655470
088790,진도,KOSPI,332,12447744
121890,에스디시스템,KOSDAQ,328,13291446
495810,유비씨,KONEX,328,2500000
398120,에스지헬스케어,KOSDAQ,328,11818511
900070,글로벌에스엠,KOSDAQ,328,53743968
464580,닷밀,KOSDAQ,327,18406089
318000,KBG,KOSDAQ,327,8740223
023790,동일스틸럭스,KOSDAQ,326,26139617
038950,파인디지털,KOSDAQ,326,10210765
317240,TS트릴리온,KOSDAQ,325,29176711
33626L,두산퓨얼셀2우B,KOSPI,325,2986300
317120,라닉스,KOSDAQ,324,15260000
013720,THE CUBE&,KOSDAQ,324,60828143
354200,엔젠바이오,KOSDAQ,324,26809750
162120,루켄테크놀러지스,KONEX,324,11156602
045510,정원엔시스,KOSDAQ,323,32209292
057680,티사이언티픽,KOSDAQ,323,14249700
462980,아이지넷,KOSDAQ,323,18234437
096690,에이루트,KOSDAQ,323,24137053
187220,디티앤씨,KOSDAQ,323,11524933
227420,도부,KONEX,323,38044510
035200,프럼파스트,KOSDAQ,323,9730590
115160,휴맥스,KOSDAQ,322,4312142
009810,플레이그램,KOSPI,320,15188750
051380,피씨디렉트,KOSDAQ,319,15340072
090370,메타랩스,KOSPI,319,24904689
354390,바스칸바이오제약,KONEX,319,7018247
131220,대한과학,KOSDAQ,318,7454490
000040,KR모터스,KOSPI,318,86375184
065370,위세아이텍,KOSDAQ,317,7383954
056730,CNT85,KOSDAQ,316,14822237
367000,플래티어,KOSDAQ,313,8388207
148780,비큐AI,KOSDAQ,312,31445725
258830,세종메디칼,KOSDAQ,312,75786351
405920,나라셀라,KOSDAQ,312,12878076
001070,대한방직,KOSPI,311,5300000
079170,한창산업,KOSDAQ,310,5200000
118000,메타케어,KOSPI,309,17177736
252500,세화피앤씨,KOSDAQ,308,41486390
290560,파라택시스이더리움,KOSDAQ,308,22362730
002690,동일제강,KOSPI,308,20300360
455180,케이지에이,KOSDAQ,308,13958316
065770,CS,KOSDAQ,307,19411130
303530,이노뎁,KOSDAQ,307,7339299
017000,신원종합개발,KOSDAQ,307,11668027
024070,WISCOM,KOSPI,303,15326438
018680,서울제약,KOSDAQ,303,11659319
033050,제이엠아이,KOSDAQ,303,32579342
237750,피앤씨테크,KOSDAQ,302,6496600
001810,무림SP,KOSDAQ,302,22137500
246250,에스엘에스바이오,KOSDAQ,302,15348206
031510,오스템,KOSDAQ,302,28000000
227610,아우딘퓨쳐스,KOSDAQ,302,38047246
008470,부스타,KOSDAQ,300,8404800
003680,한성기업,KOSPI,300,6209515
376980,원티드랩,KOSDAQ,299,9766394
014130,한익스프레스,KOSPI,298,12000000
333050,이노테나,KOSDAQ,298,4922665
274400,이노시뮬레이션,KOSDAQ,298,9086493
462310,뉴키즈온,KOSDAQ,298,8185121
048470,대동스틸,KOSDAQ,297,9650000
038620,위즈코프,KOSDAQ,297,15145893
090150,아이윈,KOSDAQ,296,41875293
142760,모아라이프플러스,KOSDAQ,295,42166980
006570,대림통상,KOSPI,295,15225000
069640,한세엠케이,KOSPI,295,22403251
383930,디티앤씨알오,KOSDAQ,293,12784128
006200,한국전자홀딩스,KOSPI,293,9360627
016100,리더스코스메틱,KOSDAQ,293,19100894
091340,S&K폴리텍,KOSDAQ,293,11703721
438700,버넥트,KOSDAQ,293,11144890
138070,신진에스엠,KOSDAQ,292,17503204
298060,풍전약품,KOSDAQ,292,8840635
291230,엔피,KOSDAQ,291,44095775
032750,삼진,KOSDAQ,290,9031122
337840,유엑스엔,KONEX,289,4747536
146060,율촌,KOSDAQ,289,24015595
276730,한울앤제주,KOSDAQ,288,2214984
023150,MH에탄올,KOSPI,288,7378526
403360,라피치,KONEX,287,3585817
239340,이스트에이드,KOSDAQ,286,26979634
068100,케이웨더,KOSDAQ,286,11927536
431190,케이쓰리아이,KOSDAQ,286,7486442
148930,에이치와이티씨,KOSDAQ,285,10175213
091970,나노캠텍,KOSDAQ,285,37673903
005360,모나미,KOSPI,285,18897307
058450,한주에이알티,KOSDAQ,284,5013372
377220,프롬바이오,KOSDAQ,284,28310000
318010,팜스빌,KOSDAQ,283,7929338
052300,오션인더블유,KOSDAQ,283,16244128
053290,NE능률,KOSDAQ,283,16526307
002820,SUN&L,KOSPI,282,12607989
019660,글로본,KOSDAQ,280,13944333
032680,소프트센,KOSDAQ,279,104279408
233990,질경이,KONEX,279,16128534
131090,시큐브,KOSDAQ,278,7658221
038530,케이바이오랩스,KOSDAQ,278,23142869
024940,PN풍년,KOSDAQ,278,10000000
210120,캔버스엔,KOSDAQ,277,24237478
032080,아즈텍WB,KOSDAQ,276,21491029
030720,동원수산,KOSPI,275,4653805
311060,엘에이티,KONEX,274,7872134
102950,아하,KONEX,274,13121903
270210,에스알바이오텍,KONEX,273,1710158
446070,유니드비티플러스,KOSPI,273,10611215
015260,에이엔피,KOSPI,273,47116894
101000,KS인더스트리,KOSDAQ,273,39641948
043220,티에스넥스젠,KOSDAQ,272,15922416
464680,KB제27호스팩,KOSDAQ,272,12905000
434190,탈로스,KONEX,272,7369434
208710,포톤,KOSDAQ,272,13180132
226340,본느,KOSDAQ,271,41952420
010400,우진아이엔에스,KOSPI,271,7622000
900300,오가닉티코스메틱,KOSDAQ,271,251004876
267790,배럴,KOSDAQ,270,7689309
224060,더코디,KOSDAQ,269,5160722
304840,피플바이오,KOSDAQ,269,24320660
335870,윙스풋,KOSDAQ,268,16750473
080470,성창오토텍,KOSDAQ,268,7300000
377030,비트맥스,KOSDAQ,266,10694360
115480,씨유메디칼,KOSDAQ,266,12124911
067730,로지시스,KOSDAQ,266,9673922
069140,누리플랜,KOSDAQ,266,15095804
115530,씨엔플러스,KOSDAQ,265,78843818
193250,링크드,KOSDAQ,265,66844667
005110,한창,KOSPI,265,21106407
270520,앱튼,KOSDAQ,264,19658914
397810,애드포러스,KOSDAQ,263,5160770
002355,넥센타이어1우B,KOSPI,263,6500000
900110,딥커머스,KOSDAQ,263,36874745
143210,핸즈코퍼레이션,KOSPI,262,21875747
008775,호텔신라우,KOSPI,262,751879
009460,한창제지,KOSPI,262,11933497
093380,풍강,KOSDAQ,261,9879313
285800,진영,KOSDAQ,260,17477270
206950,볼빅,KONEX,260,14077265
236810,엔비티,KOSDAQ,258,16975426
131180,딜리,KOSDAQ,258,5870000
007770,한일화학,KOSDAQ,258,3510000
044780,에이치케이,KOSDAQ,257,18505787
060380,동양에스텍,KOSDAQ,257,19700000
322970,무진메디,KONEX,257,10085689
418620,E8,KOSDAQ,257,19850477
039310,세중,KOSDAQ,256,18121667
331520,밸로프,KOSDAQ,256,10172878
059180,엔더블유시,KONEX,256,5314090
004270,남성,KOSPI,255,3621216
301300,바이브컴퍼니,KOSDAQ,255,13154712
362990,드림인사이트,KOSDAQ,255,16800574
123840,뉴온,KOSDAQ,254,6365430
115610,이미지스,KOSDAQ,254,11818769
054090,삼진엘앤디,KOSDAQ,254,24959232
003495,대한항공우,KOSPI,254,1110794
357430,마스턴프리미어리츠,KOSPI,254,30505307
054220,비츠로시스,KOSDAQ,254,12590616
033250,체시스,KOSPI,253,6400000
036480,대성미생물,KOSDAQ,253,3800000
179720,머니무브,KONEX,253,2750018
043360,디지아이,KOSDAQ,253,9000000
049120,파인디앤씨,KOSDAQ,253,10601663
034940,조아제약,KOSDAQ,251,30979827
088290,이원컴포텍,KOSDAQ,251,39880364
208350,지란지교시큐리티,KOSDAQ,251,8101570
016920,카스,KOSDAQ,250,26493538
103230,에스앤더블류,KOSDAQ,249,7200000
123750,알톤,KOSDAQ,248,13819259
060230,제이케이시냅스,KOSDAQ,248,55861895
037400,우리엔터프라이즈,KOSDAQ,246,26223346
377330,이지트로닉스,KOSDAQ,246,8139954
139670,키네마스터,KOSDAQ,246,14118810
465770,STX그린로지스,KOSPI,245,7171032
053060,세동,KOSDAQ,244,17657419
042040,케이피엠테크,KOSDAQ,244,24709362
372800,아이티아이즈,KOSDAQ,243,7037189
405000,플라즈맵,KOSDAQ,243,3838444
225590,패션플랫폼,KOSDAQ,243,25606882
054940,엑사이엔씨,KOSDAQ,243,33173548
021040,대호특수강,KOSDAQ,242,21704774
352940,인바이오,KOSDAQ,241,10867730
177350,베셀,KOSDAQ,241,19653767
415380,스튜디오삼익,KOSDAQ,240,11442975
207490,에이펙스인텍,KONEX,238,3600000
101680,한국정밀기계,KOSDAQ,237,8404000
432980,엠에프씨,KOSDAQ,237,8591742
208640,썸에이지,KOSDAQ,237,139240254
017250,인터엠,KOSDAQ,237,21045467
027580,상보,KOSDAQ,236,11836255
197140,디지캡,KOSDAQ,236,13013154
188040,바이오포트,KOSDAQ,236,4679308
020400,대동금속,KOSDAQ,235,6378332
076340,지에이이노더스,KONEX,234,4871460
109670,씨싸이트,KOSDAQ,234,5836602
009310,참엔지니어링,KOSPI,233,4377014
457600,벡트,KOSDAQ,233,13707500
196700,웹스,KOSDAQ,232,14364144
078860,아이오케이이엔엠,KOSDAQ,232,5936225
222980,한국맥널티,KOSDAQ,231,11031483
065150,대산F&B,KOSDAQ,231,159382405
216400,인바이츠바이오코아,KONEX,231,7711315
023770,플레이위드,KOSDAQ,230,8946495
079650,서산,KOSDAQ,229,20000000
083640,인콘,KOSDAQ,228,15544070
085810,알티캐스트,KOSDAQ,228,13109206
067010,이씨에스,KOSDAQ,228,10888500
900270,헝셩그룹,KOSDAQ,227,24404704
403810,아이엘로보틱스,KONEX,227,9937346
336040,타스컴,KONEX,226,5789929
083470,이엠앤아이,KOSDAQ,226,21340329
018700,졸스,KOSDAQ,225,11706586
070590,인티큐브,KOSDAQ,225,13879521
137940,넥스트아이,KOSDAQ,225,85368992
238200,비피도,KOSDAQ,223,8180000
368600,아이씨에이치,KOSDAQ,223,25538346
289010,아이스크림에듀,KOSDAQ,221,13945256
115570,스타플렉스,KOSDAQ,221,7984508
900100,파이온엑스,KOSDAQ,220,52760502
130740,티피씨글로벌,KOSDAQ,220,11276679
389680,유디엠텍,KOSDAQ,219,8318493
154030,아시아종묘,KOSDAQ,219,12061867
101400,엔시트론,KOSDAQ,218,11741788
011090,에넥스,KOSPI,217,11998328
044380,주연테크,KOSPI,217,12896316
002070,비비안,KOSPI,217,2404344
373110,엑셀세라퓨틱스,KOSDAQ,216,17294394
275630,에스에스알,KOSDAQ,216,5253808
278990,EMB,KONEX,216,8064777
353190,휴럼,KOSDAQ,216,7875684
043590,웰킵스하이텍,KOSDAQ,216,27136762
080720,한국유니온제약,KOSDAQ,216,7912828
018620,우진비앤지,KOSDAQ,216,28889293
00499K,롯데지주우,KOSPI,215,805603
050760,에스폴리텍,KOSDAQ,215,16334678
247660,나노씨엠에스,KOSDAQ,215,4343920
303030,지니틱스,KOSDAQ,215,9157476
001685,대상우,KOSPI,214,1370223
417180,핑거스토리,KOSDAQ,214,3509724
348030,모비릭스,KOSDAQ,214,9603800
005257,녹십자홀딩스2우,KOSPI,214,845990
230980,비유테크놀러지,KOSDAQ,214,93320557
001420,태원물산,KOSPI,213,7600000
113810,디젠스,KOSDAQ,213,32628051
279600,미디어젠,KOSDAQ,212,4684781
312610,에이에프더블류,KOSDAQ,211,20256888
191600,블루탑,KONEX,211,2858928
025890,한국주강,KOSPI,211,11144616
035620,바른손이앤에이,KOSDAQ,210,18609918
191410,육일씨엔에쓰,KOSDAQ,210,11204255
065690,파커스,KOSDAQ,210,14049331
098660,에스티오,KOSDAQ,208,12500976
365900,브이씨,KOSDAQ,208,7310300
084440,유비온,KOSDAQ,208,19132421
092600,앤씨앤,KOSDAQ,207,5016703
476710,타조이엔터테인먼트,KONEX,206,1000000
328380,솔트웨어,KOSDAQ,206,6852555
322780,코퍼스코리아,KOSDAQ,206,44874154
076080,웰크론한텍,KOSDAQ,205,22594156
012170,아센디오,KOSPI,205,19393296
032280,삼일,KOSDAQ,205,16213590
215480,토박스코리아,KOSDAQ,205,8950000
331660,한국미라클피플사,KONEX,204,5500000
060900,에이전트AI,KOSDAQ,203,3991073
419540,비스토스,KOSDAQ,202,22992511
015020,이스타코,KOSPI,199,42851600
054410,케이피티유,KOSDAQ,198,5726444
169670,코스텍시스템,KONEX,198,2868401
071950,코아스,KOSPI,198,12459195
084180,수성웹툰,KOSDAQ,194,18074283
192390,윈하이텍,KOSDAQ,193,11032229
317860,노드메이슨,KONEX,192,4513215
032800,판타지오,KOSDAQ,192,9191411
214610,롤링스톤,KOSDAQ,192,8383322
240600,유진테크놀로지,KOSDAQ,192,6928151
009730,이렘,KOSDAQ,191,71779526
001770,SHD,KOSPI,190,1214878
048830,엔피케이,KOSDAQ,189,18723923
014100,메디앙스,KOSDAQ,189,11800000
45226K,한화갤러리아우,KOSPI,189,2904470
031860,디에이치엑스컴퍼니,KOSDAQ,187,27005423
222670,플럼라인생명과학,KONEX,187,4032932
002680,한탑,KOSDAQ,186,32316799
060480,국일신동,KOSDAQ,186,11090000
083660,CSA 코스믹,KOSDAQ,186,62829459
019685,대교우B,KOSPI,186,19426990
154040,다산솔루에타,KOSDAQ,185,17950094
079190,케스피온,KOSDAQ,184,19177757
134060,이퓨쳐,KOSDAQ,184,4769250
032980,바이온,KOSDAQ,184,30388995
291810,핀텔,KOSDAQ,182,11368712
035290,골드앤에스,KOSDAQ,181,23838240
308100,형지글로벌,KOSDAQ,180,24023008
254160,제이엠멀티,KONEX,180,5160000
065420,에스아이리소스,KOSDAQ,178,71577299
096870,엘디티,KOSDAQ,178,8347999
086220,광동헬스바이오,KONEX,178,12687865
067770,세진티에스,KOSDAQ,177,8396593
028080,휴맥스홀딩스,KOSDAQ,176,2287941
008600,윌비스,KOSPI,176,6723603
368970,오에스피,KOSDAQ,176,9135666
009440,KC그린홀딩스,KOSPI,176,23239141
344860,이노진,KOSDAQ,175,12030000
199730,바이오인프라,KOSDAQ,174,4864367
108675,LX하우시스우,KOSPI,173,1032330
110020,전진바이오팜,KOSDAQ,173,9058762
361670,삼영에스앤씨,KOSDAQ,170,5667658
225430,케이엠제약,KOSDAQ,169,5577410
045520,크린앤사이언스,KOSDAQ,169,6500000
482680,미래에셋비전스팩7호,KOSDAQ,169,8215000
052960,태양3C,KONEX,168,4887078
241820,피씨엘,KOSDAQ,168,2782098
477380,미래에셋비전스팩4호,KOSDAQ,166,8100000
060260,뉴보텍,KOSDAQ,163,13342356
051780,큐로홀딩스,KOSDAQ,163,5464536
005725,넥센우,KOSPI,161,3600600
204210,JK리버스톤리츠,KOSPI,159,7826815
106520,노블엠앤비,KOSDAQ,159,38695952
208850,이비테크,KONEX,158,2820250
0072Z0,KB제33호스팩,KOSDAQ,158,7885000
069330,유아이디,KOSDAQ,158,14191091
18064K,한진칼우,KOSPI,156,536766
000087,하이트진로2우B,KOSPI,156,1130138
0101C0,하나36호스팩,KOSDAQ,155,7740000
0130H0,엔에이치스팩33호,KOSDAQ,154,7700000
469880,하나30호스팩,KOSDAQ,153,7305000
477340,에이치엠씨제7호스팩,KOSDAQ,153,7510000
030350,드래곤플라이,KOSDAQ,152,15592079
0044K0,삼성스팩10호,KOSDAQ,151,7520000
025870,신라에스지,KOSDAQ,151,4000000
176590,코나솔,KONEX,150,5836383
233250,메디안디노스틱,KONEX,150,1746534
351020,미쥬,KONEX,149,2075000
341170,퓨쳐메디신,KONEX,149,10533205
00806K,대덕1우,KOSPI,149,1212357
250930,예선테크,KOSDAQ,148,33000440
001795,대한제당우,KOSPI,148,6482760
217880,틸론,KONEX,148,10727290
227100,프로브잇,KOSDAQ,148,24134182
0115H0,삼성스팩13호,KOSDAQ,147,7350000
012205,계양전기우,KOSPI,146,1169079
900120,씨엑스아이,KOSDAQ,146,37348303
0070X0,에스테크엠,KONEX,146,1510000
473050,유안타제15호스팩,KOSDAQ,145,7010000
217320,썬테크,KONEX,145,1050000
478440,미래에셋비전스팩6호,KOSDAQ,143,6930000
008290,원풍물산,KOSDAQ,143,20346839
379390,이성씨엔아이,KONEX,142,2841460
479880,한국제15호스팩,KOSDAQ,142,6870000
00781K,코리아써키트2우B,KOSPI,141,783699
121850,코이즈,KOSDAQ,140,5056999
0099W0,미래에셋비전스팩11호,KOSDAQ,140,7000000
140910,에이리츠,KOSPI,140,4463032
188260,세니젠,KOSDAQ,138,7228470
050090,비케이홀딩스,KOSDAQ,138,19784735
009620,삼보산업,KOSDAQ,137,17473048
001515,SK증권우,KOSPI,136,1956257
352770,셀레스트라,KOSDAQ,136,2592407
012340,뉴인텍,KOSDAQ,136,11300312
069920,엑시온그룹,KOSDAQ,136,9296521
244460,올리패스,KOSDAQ,134,8125511
489480,키움제11호스팩,KOSDAQ,134,6600000
026910,광진실업,KOSDAQ,134,6405405
079950,인베니아,KOSDAQ,134,13799100
481890,엔에이치스팩31호,KOSDAQ,133,6345000
0096B0,삼성스팩12호,KOSDAQ,132,6580000
477760,DB금융스팩12호,KOSDAQ,130,5840000
0097F0,미래에셋비전스팩10호,KOSDAQ,130,6500000
489730,디비금융제13호스팩,KOSDAQ,129,6332000
478390,KB제29호스팩,KOSDAQ,128,6220000
0093G0,미래에셋비전스팩8호,KOSDAQ,128,6400000
0099X0,IBKS제25호스팩,KOSDAQ,128,5980000
302920,더콘텐츠온,KONEX,127,4552359
492220,KB제31호스팩,KOSDAQ,127,6210000
471050,대신밸런스제17호스팩,KOSDAQ,127,6060000
0037T0,KB제32호스팩,KOSDAQ,127,6330000
054180,메디콕스,KOSDAQ,127,5527981
065060,지엔코,KOSDAQ,126,4760160
0054V0,엔에이치스팩32호,KOSDAQ,126,6216500
073190,듀오백,KOSDAQ,126,11968040
0131D0,키움히어로제2호스팩,KOSDAQ,125,6310000
0091W0,신영스팩11호,KOSDAQ,125,6068000
0088D0,메리츠제1호스팩,KOSDAQ,125,5795000
149010,아이케이세미콘,KONEX,125,3120000
008500,일정실업,KOSPI,125,6000000
482520,교보16호스팩,KOSDAQ,124,6100000
001755,한양증권우,KOSPI,124,525000
065570,삼영이엔씨,KOSDAQ,123,16093838
456190,큐라켐,KONEX,123,1754286
004255,NPC우,KOSPI,121,5280000
0041L0,하나35호스팩,KOSDAQ,121,6030000
482690,대신밸런스제19호스팩,KOSDAQ,120,5615000
38380K,LX홀딩스1우,KOSPI,120,1465285
004105,태양금속우,KOSPI,120,3300000
0132G0,교보20호스팩,KOSDAQ,120,5970000
33637L,솔루스첨단소재2우B,KOSPI,118,3778296
145995,삼양사우,KOSPI,118,370070
011080,형지I&C,KOSDAQ,118,4296262
084695,대상홀딩스우,KOSPI,118,913482
224760,엔에스컴퍼니,KONEX,116,3939700
469900,하나31호스팩,KOSDAQ,116,5605000
0071M0,삼성스팩11호,KOSDAQ,115,5760000
060240,스타코링크,KOSDAQ,115,5821060
487360,신한제14호스팩,KOSDAQ,114,5640000
253610,루트락,KONEX,114,10258071
477470,미래에셋비전스팩5호,KOSDAQ,113,5480000
474490,유안타제16호스팩,KOSDAQ,113,5510000
474660,신한제12호스팩,KOSDAQ,113,5520000
0105P0,유진스팩12호,KOSDAQ,113,5660000
496070,신한제16호스팩,KOSDAQ,112,5620000
0129K0,신한제18호스팩,KOSDAQ,112,5620000
289170,바이오텐,KONEX,111,3576689
236340,메디젠휴먼케어,KONEX,111,3014647
0096D0,미래에셋비전스팩9호,KOSDAQ,110,5500000
0098T0,교보19호스팩,KOSDAQ,110,5400000
486630,KB제30호스팩,KOSDAQ,109,5310000
001067,JW중외제약2우B,KOSPI,109,209973
489210,교보17호스팩,KOSDAQ,107,5180000
0004Y0,디비금융제14호스팩,KOSDAQ,107,5315000
493790,유안타제17호스팩,KOSDAQ,107,5310000
0130D0,신한제17호스팩,KOSDAQ,106,5340000
043100,알파AI,KOSDAQ,105,20110080
472220,신영스팩10호,KOSDAQ,104,4690000
478110,이베스트스팩6호,KOSDAQ,102,5020000
466690,키움히어로제1호스팩,KOSDAQ,102,5095000
498390,한화플러스제5호스팩,KOSDAQ,101,4960000
0041B0,교보18호스팩,KOSDAQ,101,5040000
003075,코오롱글로벌우,KOSPI,101,740737
244880,나눔테크,KONEX,100,5020000
469480,IBKS제24호스팩,KOSDAQ,100,4230000
238500,솔루믹스,KONEX,99,20807304
178600,대동고려삼,KONEX,98,4449600
488060,유진스팩11호,KOSDAQ,96,4720000
106080,케이이엠텍,KOSDAQ,95,5761817
145210,다이나믹디자인,KOSPI,95,42236668
185190,수프로,KONEX,92,9238625
000225,유유제약1우,KOSPI,92,2266930
484130,하나34호스팩,KOSDAQ,92,4520000
03481K,해성산업1우,KOSDAQ,91,1377453
464440,한국제13호스팩,KOSDAQ,91,4320000
473950,에스케이증권제13호스팩,KOSDAQ,90,4420000
114920,대주이엔티,KONEX,89,3469500
465320,교보15호스팩,KOSDAQ,89,3810000
467930,IBKS제23호스팩,KOSDAQ,89,4230000
487830,신한제15호스팩,KOSDAQ,89,4350000
468760,유진스팩10호,KOSDAQ,88,4240000
103660,씨앗,KONEX,87,6017471
0068Y0,비엔케이제3호스팩,KOSDAQ,86,4310000
472230,에스케이증권제11호스팩,KOSDAQ,86,4155000
189350,코셋,KONEX,86,4800000
487720,키움제10호스팩,KOSDAQ,85,4230000
004835,덕성우,KOSPI,84,1392000
001065,JW중외제약우,KOSPI,84,341951
0041J0,엘에스스팩1호,KOSDAQ,83,4110000
004985,성신양회우,KOSPI,78,735645
475250,하나33호스팩,KOSDAQ,77,3700000
199150,데이터스트림즈,KONEX,77,4268613
079970,투비소프트,KOSDAQ,76,12829234
474930,신한제13호스팩,KOSDAQ,75,3620000
212310,오건에코텍,KONEX,75,11834115
224810,엄지하우스,KONEX,71,4200000
276040,스코넥,KOSDAQ,71,21630335
000325,노루홀딩스우,KOSPI,69,243559
26490K,크라운제과우,KOSPI,69,773560
251280,안지오랩,KONEX,69,3491870
199290,바이오프로테크,KONEX,69,16325192
473000,에스케이증권제12호스팩,KOSDAQ,68,3310000
066830,제노텍,KONEX,68,5667180
475240,하나32호스팩,KOSDAQ,67,3200000
101390,아이엠,KOSDAQ,67,16914354
215570,크로넥스,KONEX,66,6232444
202960,판도라티비,KONEX,66,11915582
332190,오션스바이오,KONEX,65,1477839
234070,에이원큐브텍,KONEX,65,6960703
318660,타임기술,KONEX,64,2152101
447690,아이오바이오,KONEX,63,2630256
236030,씨알푸드,KONEX,61,2033332
092590,럭스피아,KONEX,60,7291098
267080,세븐브로이맥주,KONEX,58,11871408
090355,노루페인트우,KOSPI,56,463126
044180,KD,KOSDAQ,55,26717799
116100,태양기계,KONEX,54,7439986
313760,캐리,KOSDAQ,52,11207186
276240,엘리비젼,KONEX,50,12313138
266350,팡스카이,KONEX,50,12629570
000145,하이트진로홀딩스우,KOSPI,50,470810
258050,테크트랜스,KONEX,50,11145949
000545,흥국화재우,KOSPI,50,768000
327610,펨토바이오메드,KONEX,50,8536086
311960,인터로이드,KONEX,49,3062664
346010,타이드,KONEX,49,4860062
009415,태영건설우,KOSPI,48,649974
043090,더테크놀로지,KOSDAQ,47,4139425
223220,로지스몬,KONEX,46,5702919
052770,아이톡시,KOSDAQ,45,14568774
36328K,티와이홀딩스우,KOSPI,44,1174949
299480,지앤이헬스케어,KONEX,43,11100743
005745,크라운해태홀딩스우,KOSPI,43,600726
014825,동원시스템즈우,KOSPI,43,264111
136660,큐엠씨,KONEX,42,2360950
217910,에스제이켐,KONEX,42,13990522
002995,금호건설우,KOSPI,42,292266
014285,금강공업우,KOSPI,41,589875
007575,일양약품우,KOSPI,41,445080
005965,동부건설우,KOSPI,40,225732
008355,남선알미우,KOSPI,40,307890
014915,성문전자우,KOSPI,39,600000
093510,엔지브이아이,KONEX,38,6020000
121060,유니포인트,KONEX,36,5193783
208890,미래엔에듀파트너,KONEX,36,4005520
004545,깨끗한나라우,KOSPI,36,366160
000227,유유제약2우B,KOSPI,35,325560
390110,애니메디솔루션,KONEX,32,9157047
140660,위월드,KONEX,30,2487252
002785,진흥기업우B,KOSPI,29,857218
001525,동양우,KOSPI,28,617731
413300,티엘엔지니어링,KONEX,28,1351515
266470,바이오인프라생명과학,KONEX,28,27866019
245450,씨앤에스링크,KONEX,27,1579960
004415,서울식품우,KOSPI,27,2224500
011155,CJ씨푸드1우,KOSPI,26,200000
402420,켈스,KONEX,24,2348763
448780,마이크로엔엑스,KONEX,24,2677680
001527,동양2우B,KOSPI,23,308569
002787,진흥기업2우B,KOSPI,22,294808
032685,소프트센우,KOSDAQ,22,356813
021045,대호특수강우,KOSDAQ,22,848492
296520,가이아코퍼레이션,KONEX,19,4667008
266170,레드우즈,KONEX,14,1301040
279060,이노벡스,KONEX,11,9807866
